,id,type
0,700029,1
1,700029,1
2,700041,1
3,700041,1
4,700064,1
5,700064,1
6,700074,1
7,700074,1
8,700080,1
9,700080,1
10,700088,1
11,700088,1
12,700092,1
13,700092,1
14,700111,1
15,700111,1
16,700150,1
17,700150,1
18,700176,1
19,700176,1
20,700179,1
21,700179,1
22,700183,1
23,700183,1
24,700194,1
25,700194,1
26,700197,1
27,700197,1
28,700200,1
29,700200,1
30,700210,1
31,700210,1
32,700215,1
33,700215,1
34,700230,1
35,700230,1
36,700244,1
37,700244,1
38,700251,1
39,700251,1
40,700266,1
41,700266,1
42,700291,1
43,700291,1
44,700302,1
45,700302,1
46,700310,1
47,700310,1
48,700317,1
49,700317,1
50,700330,1
51,700330,1
52,700334,1
53,700334,1
54,700345,1
55,700345,1
56,700352,1
57,700352,1
58,700364,1
59,700364,1
60,700369,1
61,700369,1
62,700382,1
63,700382,1
64,700398,1
65,700398,1
66,700401,1
67,700401,1
68,700403,1
69,700403,1
70,700405,1
71,700405,1
72,700411,1
73,700411,1
74,700413,1
75,700413,1
76,700418,1
77,700418,1
78,700422,1
79,700422,1
80,700427,1
81,700427,1
82,700431,1
83,700431,1
84,700435,1
85,700435,1
86,700442,1
87,700442,1
88,700449,1
89,700449,1
90,700456,1
91,700456,1
92,700458,1
93,700458,1
94,700477,1
95,700477,1
96,700496,1
97,700496,1
98,700513,1
99,700513,1
100,700518,1
101,700518,1
102,700523,1
103,700523,1
104,700539,1
105,700539,1
106,700555,1
107,700555,1
108,700581,1
109,700581,1
110,700586,1
111,700586,1
112,700589,1
113,700589,1
114,700604,1
115,700604,1
116,700608,1
117,700608,1
118,700614,1
119,700614,1
120,700622,1
121,700622,1
122,700637,1
123,700637,1
124,700651,1
125,700651,1
126,700661,1
127,700661,1
128,700681,1
129,700681,1
130,700685,1
131,700685,1
132,700712,1
133,700712,1
134,700730,1
135,700730,1
136,700743,1
137,700743,1
138,700747,1
139,700747,1
140,700768,1
141,700768,1
142,700779,1
143,700779,1
144,700799,1
145,700799,1
146,700807,1
147,700807,1
148,700840,1
149,700840,1
150,700863,1
151,700863,1
152,700873,1
153,700873,1
154,700885,1
155,700885,1
156,700890,1
157,700890,1
158,700892,1
159,700892,1
160,700899,1
161,700899,1
162,700904,1
163,700904,1
164,700907,1
165,700907,1
166,700914,1
167,700914,1
168,700919,1
169,700919,1
170,700939,1
171,700939,1
172,700950,1
173,700950,1
174,700967,1
175,700967,1
176,700978,1
177,700978,1
178,700982,1
179,700982,1
180,700991,1
181,700991,1
182,700998,1
183,700998,1
184,701005,1
185,701005,1
186,701012,1
187,701012,1
188,701016,1
189,701016,1
190,701033,1
191,701033,1
192,701035,1
193,701035,1
194,701048,1
195,701048,1
196,701052,1
197,701052,1
198,701075,1
199,701075,1
200,701085,1
201,701085,1
202,701091,1
203,701091,1
204,701109,1
205,701109,1
206,701114,1
207,701114,1
208,701117,1
209,701117,1
210,701122,1
211,701122,1
212,701128,1
213,701128,1
214,701136,1
215,701136,1
216,701145,1
217,701145,1
218,701154,1
219,701154,1
220,701163,1
221,701163,1
222,701170,1
223,701170,1
224,701172,1
225,701172,1
226,701178,1
227,701178,1
228,701181,1
229,701181,1
230,701183,1
231,701183,1
232,701193,1
233,701193,1
234,701197,1
235,701197,1
236,701207,1
237,701207,1
238,701229,1
239,701229,1
240,701234,1
241,701234,1
242,701237,1
243,701237,1
244,701249,1
245,701249,1
246,701262,1
247,701262,1
248,701268,1
249,701268,1
250,701286,1
251,701286,1
252,701290,1
253,701290,1
254,701299,1
255,701299,1
256,701361,1
257,701361,1
258,701364,1
259,701364,1
260,701366,1
261,701366,1
262,701373,1
263,701373,1
264,701376,1
265,701376,1
266,701382,1
267,701382,1
268,701385,1
269,701385,1
270,701395,1
271,701395,1
272,701403,1
273,701403,1
274,701418,1
275,701418,1
276,701425,1
277,701425,1
278,701427,1
279,701427,1
280,701435,1
281,701435,1
282,701464,1
283,701464,1
284,701466,1
285,701466,1
286,701482,1
287,701482,1
288,701488,1
289,701488,1
290,701504,1
291,701504,1
292,701507,1
293,701507,1
294,701526,1
295,701526,1
296,701532,1
297,701532,1
298,701543,1
299,701543,1
300,701562,1
301,701562,1
302,701610,1
303,701610,1
304,701614,1
305,701614,1
306,701616,1
307,701616,1
308,701624,1
309,701624,1
310,701627,1
311,701627,1
312,701630,1
313,701630,1
314,701640,1
315,701640,1
316,701650,1
317,701650,1
318,701662,1
319,701662,1
320,701687,1
321,701687,1
322,701695,1
323,701695,1
324,701700,1
325,701700,1
326,701702,1
327,701702,1
328,701708,1
329,701708,1
330,701722,1
331,701722,1
332,701737,1
333,701737,1
334,701752,1
335,701752,1
336,701771,1
337,701771,1
338,701777,1
339,701777,1
340,701791,1
341,701791,1
342,701794,1
343,701794,1
344,701831,1
345,701831,1
346,701841,1
347,701841,1
348,701848,1
349,701848,1
350,701852,1
351,701852,1
352,701863,1
353,701863,1
354,701871,1
355,701871,1
356,701878,1
357,701878,1
358,701883,1
359,701883,1
360,701885,1
361,701885,1
362,701892,1
363,701892,1
364,701904,1
365,701904,1
366,701911,1
367,701911,1
368,701917,1
369,701917,1
370,701937,1
371,701937,1
372,701946,1
373,701946,1
374,701953,1
375,701953,1
376,701977,1
377,701977,1
378,701979,1
379,701979,1
380,701982,1
381,701982,1
382,701986,1
383,701986,1
384,701988,1
385,701988,1
386,701996,1
387,701996,1
388,702001,1
389,702001,1
390,702013,1
391,702013,1
392,702018,1
393,702018,1
394,702030,1
395,702030,1
396,702040,1
397,702040,1
398,702045,1
399,702045,1
400,702048,1
401,702048,1
402,702054,1
403,702054,1
404,702062,1
405,702062,1
406,702071,1
407,702071,1
408,702076,1
409,702076,1
410,702087,1
411,702087,1
412,702149,1
413,702149,1
414,702157,1
415,702157,1
416,702181,1
417,702181,1
418,702198,1
419,702198,1
420,702201,1
421,702201,1
422,702214,1
423,702214,1
424,702220,1
425,702220,1
426,702224,1
427,702224,1
428,702228,1
429,702228,1
430,702235,1
431,702235,1
432,702246,1
433,702246,1
434,702250,1
435,702250,1
436,702259,1
437,702259,1
438,702270,1
439,702270,1
440,702274,1
441,702274,1
442,702287,1
443,702287,1
444,702289,1
445,702289,1
446,702291,1
447,702291,1
448,702294,1
449,702294,1
450,702300,1
451,702300,1
452,702302,1
453,702302,1
454,702306,1
455,702306,1
456,702313,1
457,702313,1
458,702342,1
459,702342,1
460,702346,1
461,702346,1
462,702368,1
463,702368,1
464,702370,1
465,702370,1
466,702377,1
467,702377,1
468,702380,1
469,702380,1
470,702382,1
471,702382,1
472,702397,1
473,702397,1
474,702405,1
475,702405,1
476,702420,1
477,702420,1
478,702424,1
479,702424,1
480,702429,1
481,702429,1
482,702434,1
483,702434,1
484,702436,1
485,702436,1
486,702439,1
487,702439,1
488,702441,1
489,702441,1
490,702475,1
491,702475,1
492,702511,1
493,702511,1
494,702514,1
495,702514,1
496,702541,1
497,702541,1
498,702554,1
499,702554,1
500,702556,1
501,702556,1
502,702564,1
503,702564,1
504,702566,1
505,702566,1
506,702569,1
507,702569,1
508,702589,1
509,702589,1
510,702606,1
511,702606,1
512,702619,1
513,702619,1
514,702623,1
515,702623,1
516,702627,1
517,702627,1
518,702643,1
519,702643,1
520,702656,1
521,702656,1
522,702692,1
523,702692,1
524,702698,1
525,702698,1
526,702718,1
527,702718,1
528,702721,1
529,702721,1
530,702737,1
531,702737,1
532,702750,1
533,702750,1
534,702786,1
535,702786,1
536,702799,1
537,702799,1
538,702801,1
539,702801,1
540,702816,1
541,702816,1
542,702824,1
543,702824,1
544,702828,1
545,702828,1
546,702831,1
547,702831,1
548,702836,1
549,702836,1
550,702838,1
551,702838,1
552,702849,1
553,702849,1
554,702859,1
555,702859,1
556,702892,1
557,702892,1
558,702896,1
559,702896,1
560,702899,1
561,702899,1
562,702906,1
563,702906,1
564,702920,1
565,702920,1
566,702925,1
567,702925,1
568,702944,1
569,702944,1
570,702967,1
571,702967,1
572,702977,1
573,702977,1
574,702993,1
575,702993,1
576,703004,1
577,703004,1
578,703009,1
579,703009,1
580,703030,1
581,703030,1
582,703034,1
583,703034,1
584,703051,1
585,703051,1
586,703067,1
587,703067,1
588,703071,1
589,703071,1
590,703082,1
591,703082,1
592,703085,1
593,703085,1
594,703112,1
595,703112,1
596,703114,1
597,703114,1
598,703137,1
599,703137,1
600,703141,1
601,703141,1
602,703143,1
603,703143,1
604,703159,1
605,703159,1
606,703174,1
607,703174,1
608,703184,1
609,703184,1
610,703189,1
611,703189,1
612,703192,1
613,703192,1
614,703195,1
615,703195,1
616,703202,1
617,703202,1
618,703205,1
619,703205,1
620,703208,1
621,703208,1
622,703212,1
623,703212,1
624,703232,1
625,703232,1
626,703242,1
627,703242,1
628,703251,1
629,703251,1
630,703253,1
631,703253,1
632,703267,1
633,703267,1
634,703269,1
635,703269,1
636,703278,1
637,703278,1
638,703284,1
639,703284,1
640,703293,1
641,703293,1
642,803321,2
643,803321,2
644,803322,2
645,803322,2
646,803323,2
647,803323,2
648,803324,2
649,803324,2
650,803325,2
651,803325,2
652,803326,2
653,803326,2
654,803327,2
655,803327,2
656,803328,2
657,803328,2
658,803329,2
659,803329,2
660,803330,2
661,803330,2
662,803331,2
663,803331,2
664,803332,2
665,803332,2
666,803333,2
667,803333,2
668,803334,2
669,803334,2
670,803335,2
671,803335,2
672,803336,2
673,803336,2
674,803337,2
675,803337,2
676,803338,2
677,803338,2
678,803339,2
679,803339,2
680,803340,2
681,803340,2
682,803341,2
683,803341,2
684,803342,2
685,803342,2
686,803343,2
687,803343,2
688,803344,2
689,803344,2
690,803345,2
691,803345,2
692,803346,2
693,803346,2
694,803347,2
695,803347,2
696,803348,2
697,803348,2
698,803349,2
699,803349,2
700,803350,2
701,803350,2
702,803351,2
703,803351,2
704,803352,2
705,803352,2
706,803353,2
707,803353,2
708,803354,2
709,803354,2
710,803355,2
711,803355,2
712,803356,2
713,803356,2
714,803357,2
715,803357,2
716,803358,2
717,803358,2
718,803359,2
719,803359,2
720,803360,2
721,803360,2
722,803361,2
723,803361,2
724,803362,2
725,803362,2
726,803363,2
727,803363,2
728,803364,2
729,803364,2
730,803365,2
731,803365,2
732,803366,2
733,803366,2
734,803367,2
735,803367,2
736,803368,2
737,803368,2
738,803369,2
739,803369,2
740,803370,2
741,803370,2
742,803371,2
743,803371,2
744,803372,2
745,803372,2
746,803373,2
747,803373,2
748,803374,2
749,803374,2
750,803375,2
751,803375,2
752,803376,2
753,803376,2
754,803377,2
755,803377,2
756,803378,2
757,803378,2
758,803379,2
759,803379,2
760,803380,2
761,803380,2
762,803381,2
763,803381,2
764,803382,2
765,803382,2
766,803383,2
767,803383,2
768,803384,2
769,803384,2
770,803385,2
771,803385,2
772,803386,2
773,803386,2
774,803387,2
775,803387,2
776,803388,2
777,803388,2
778,803389,2
779,803389,2
780,803390,2
781,803390,2
782,803391,2
783,803391,2
784,803392,2
785,803392,2
786,803393,2
787,803393,2
788,803394,2
789,803394,2
790,803395,2
791,803395,2
792,803396,2
793,803396,2
794,803397,2
795,803397,2
796,803398,2
797,803398,2
798,803399,2
799,803399,2
800,803400,2
801,803400,2
802,803401,2
803,803401,2
804,803402,2
805,803402,2
806,803403,2
807,803403,2
808,803404,2
809,803404,2
810,803405,2
811,803405,2
812,803406,2
813,803406,2
814,803407,2
815,803407,2
816,803408,2
817,803408,2
818,803409,2
819,803409,2
820,803410,2
821,803410,2
822,803411,2
823,803411,2
824,803412,2
825,803412,2
826,803413,2
827,803413,2
828,803414,2
829,803414,2
830,803415,2
831,803415,2
832,803416,2
833,803416,2
834,803417,2
835,803417,2
836,803418,2
837,803418,2
838,803419,2
839,803419,2
840,803420,2
841,803420,2
842,803421,2
843,803421,2
844,803422,2
845,803422,2
846,803423,2
847,803423,2
848,803424,2
849,803424,2
850,803425,2
851,803425,2
852,803426,2
853,803426,2
854,803427,2
855,803427,2
856,803428,2
857,803428,2
858,803429,2
859,803429,2
860,803430,2
861,803430,2
862,803431,2
863,803431,2
864,803432,2
865,803432,2
866,803433,2
867,803433,2
868,803434,2
869,803434,2
870,803435,2
871,803435,2
872,803436,2
873,803436,2
874,803437,2
875,803437,2
876,803438,2
877,803438,2
878,803439,2
879,803439,2
880,803440,2
881,803440,2
882,803441,2
883,803441,2
884,803442,2
885,803442,2
886,803443,2
887,803443,2
888,803444,2
889,803444,2
890,803445,2
891,803445,2
892,803446,2
893,803446,2
894,803447,2
895,803447,2
896,803448,2
897,803448,2
898,803449,2
899,803449,2
900,803450,2
901,803450,2
902,803451,2
903,803451,2
904,803452,2
905,803452,2
906,803453,2
907,803453,2
908,803454,2
909,803454,2
910,803455,2
911,803455,2
912,803456,2
913,803456,2
914,803457,2
915,803457,2
916,803458,2
917,803458,2
918,803459,2
919,803459,2
920,803460,2
921,803460,2
922,803461,2
923,803461,2
924,803462,2
925,803462,2
926,803463,2
927,803463,2
928,803464,2
929,803464,2
930,803465,2
931,803465,2
932,803466,2
933,803466,2
934,803467,2
935,803467,2
936,803468,2
937,803468,2
938,803469,2
939,803469,2
940,803470,2
941,803470,2
942,803471,2
943,803471,2
944,803472,2
945,803472,2
946,803473,2
947,803473,2
948,803474,2
949,803474,2
950,803475,2
951,803475,2
952,803476,2
953,803476,2
954,803477,2
955,803477,2
956,803478,2
957,803478,2
958,803479,2
959,803479,2
960,803480,2
961,803480,2
962,803481,2
963,803481,2
964,803482,2
965,803482,2
966,803483,2
967,803483,2
968,803484,2
969,803484,2
970,803485,2
971,803485,2
972,803486,2
973,803486,2
974,803487,2
975,803487,2
976,803488,2
977,803488,2
978,803489,2
979,803489,2
980,803490,2
981,803490,2
982,803491,2
983,803491,2
984,803492,2
985,803492,2
986,803493,2
987,803493,2
988,803494,2
989,803494,2
990,803495,2
991,803495,2
992,803496,2
993,803496,2
994,803497,2
995,803497,2
996,803498,2
997,803498,2
998,803499,2
999,803499,2
1000,803500,2
1001,803500,2
1002,803501,2
1003,803501,2
1004,803502,2
1005,803502,2
1006,803503,2
1007,803503,2
1008,803504,2
1009,803504,2
1010,803505,2
1011,803505,2
1012,803506,2
1013,803506,2
1014,803507,2
1015,803507,2
1016,803508,2
1017,803508,2
1018,803509,2
1019,803509,2
1020,803510,2
1021,803510,2
1022,803511,2
1023,803511,2
1024,803512,2
1025,803512,2
1026,803513,2
1027,803513,2
1028,803514,2
1029,803514,2
1030,803515,2
1031,803515,2
1032,803516,2
1033,803516,2
1034,803517,2
1035,803517,2
1036,803518,2
1037,803518,2
1038,803519,2
1039,803519,2
1040,803520,2
1041,803520,2
1042,803521,2
1043,803521,2
1044,803522,2
1045,803522,2
1046,803523,2
1047,803523,2
1048,803524,2
1049,803524,2
1050,803525,2
1051,803525,2
1052,803526,2
1053,803526,2
1054,803527,2
1055,803527,2
1056,803528,2
1057,803528,2
1058,803529,2
1059,803529,2
1060,803530,2
1061,803530,2
1062,803531,2
1063,803531,2
1064,803532,2
1065,803532,2
1066,803533,2
1067,803533,2
1068,803534,2
1069,803534,2
1070,803535,2
1071,803535,2
1072,803536,2
1073,803536,2
1074,803537,2
1075,803537,2
1076,803538,2
1077,803538,2
1078,803539,2
1079,803539,2
1080,803540,2
1081,803540,2
1082,803541,2
1083,803541,2
1084,803542,2
1085,803542,2
1086,803543,2
1087,803543,2
1088,803544,2
1089,803544,2
1090,803545,2
1091,803545,2
1092,803546,2
1093,803546,2
1094,803547,2
1095,803547,2
1096,803548,2
1097,803548,2
1098,803549,2
1099,803549,2
1100,803550,2
1101,803550,2
1102,803551,2
1103,803551,2
1104,803552,2
1105,803552,2
1106,803553,2
1107,803553,2
1108,803554,2
1109,803554,2
1110,803555,2
1111,803555,2
1112,803556,2
1113,803556,2
1114,803557,2
1115,803557,2
1116,803558,2
1117,803558,2
1118,803559,2
1119,803559,2
1120,803560,2
1121,803560,2
1122,803561,2
1123,803561,2
1124,803562,2
1125,803562,2
1126,803563,2
1127,803563,2
1128,803564,2
1129,803564,2
1130,803565,2
1131,803565,2
1132,803566,2
1133,803566,2
1134,803567,2
1135,803567,2
1136,803568,2
1137,803568,2
1138,803569,2
1139,803569,2
1140,803570,2
1141,803570,2
1142,803571,2
1143,803571,2
1144,803572,2
1145,803572,2
1146,803573,2
1147,803573,2
1148,803574,2
1149,803574,2
1150,803575,2
1151,803575,2
1152,803576,2
1153,803576,2
1154,803577,2
1155,803577,2
1156,803578,2
1157,803578,2
1158,803579,2
1159,803579,2
1160,803580,2
1161,803580,2
1162,803581,2
1163,803581,2
1164,803582,2
1165,803582,2
1166,803583,2
1167,803583,2
1168,803584,2
1169,803584,2
1170,803585,2
1171,803585,2
1172,803586,2
1173,803586,2
1174,803587,2
1175,803587,2
1176,803588,2
1177,803588,2
1178,803589,2
1179,803589,2
1180,803590,2
1181,803590,2
1182,803591,2
1183,803591,2
1184,803592,2
1185,803592,2
1186,803593,2
1187,803593,2
1188,803594,2
1189,803594,2
1190,803595,2
1191,803595,2
1192,803596,2
1193,803596,2
1194,803597,2
1195,803597,2
1196,803598,2
1197,803598,2
1198,803599,2
1199,803599,2
1200,803600,2
1201,803600,2
1202,803601,2
1203,803601,2
1204,803602,2
1205,803602,2
1206,803603,2
1207,803603,2
1208,803604,2
1209,803604,2
1210,803605,2
1211,803605,2
1212,803606,2
1213,803606,2
1214,803607,2
1215,803607,2
1216,803608,2
1217,803608,2
1218,803609,2
1219,803609,2
1220,803610,2
1221,803610,2
1222,803611,2
1223,803611,2
1224,803612,2
1225,803612,2
1226,803613,2
1227,803613,2
1228,803614,2
1229,803614,2
1230,803615,2
1231,803615,2
1232,803616,2
1233,803616,2
1234,803617,2
1235,803617,2
1236,803618,2
1237,803618,2
1238,803619,2
1239,803619,2
1240,803620,2
1241,803620,2
1242,803621,2
1243,803621,2
1244,803622,2
1245,803622,2
1246,803623,2
1247,803623,2
1248,803624,2
1249,803624,2
1250,803625,2
1251,803625,2
1252,803626,2
1253,803626,2
1254,803627,2
1255,803627,2
1256,803628,2
1257,803628,2
1258,803629,2
1259,803629,2
1260,803630,2
1261,803630,2
1262,803631,2
1263,803631,2
1264,803632,2
1265,803632,2
1266,803633,2
1267,803633,2
1268,803634,2
1269,803634,2
1270,803635,2
1271,803635,2
1272,803636,2
1273,803636,2
1274,803637,2
1275,803637,2
1276,803638,2
1277,803638,2
1278,803639,2
1279,803639,2
1280,803640,2
1281,803640,2
1282,803641,2
1283,803641,2
1284,803642,2
1285,803642,2
1286,803643,2
1287,803643,2
1288,803644,2
1289,803644,2
1290,803645,2
1291,803645,2
1292,803646,2
1293,803646,2
1294,803647,2
1295,803647,2
1296,803648,2
1297,803648,2
1298,803649,2
1299,803649,2
1300,803650,2
1301,803650,2
1302,803651,2
1303,803651,2
1304,803652,2
1305,803652,2
1306,803653,2
1307,803653,2
1308,803654,2
1309,803654,2
1310,803655,2
1311,803655,2
1312,803656,2
1313,803656,2
1314,803657,2
1315,803657,2
1316,803658,2
1317,803658,2
1318,803659,2
1319,803659,2
1320,803660,2
1321,803660,2
1322,803661,2
1323,803661,2
1324,803662,2
1325,803662,2
1326,803663,2
1327,803663,2
1328,803664,2
1329,803664,2
1330,803665,2
1331,803665,2
1332,803666,2
1333,803666,2
1334,803667,2
1335,803667,2
1336,803668,2
1337,803668,2
1338,803669,2
1339,803669,2
1340,803670,2
1341,803670,2
1342,803671,2
1343,803671,2
1344,803672,2
1345,803672,2
1346,803673,2
1347,803673,2
1348,803674,2
1349,803674,2
1350,803675,2
1351,803675,2
1352,803676,2
1353,803676,2
1354,803677,2
1355,803677,2
1356,803678,2
1357,803678,2
1358,803679,2
1359,803679,2
1360,803680,2
1361,803680,2
1362,803681,2
1363,803681,2
1364,803682,2
1365,803682,2
1366,803683,2
1367,803683,2
1368,803684,2
1369,803684,2
1370,803685,2
1371,803685,2
1372,803686,2
1373,803686,2
1374,803687,2
1375,803687,2
1376,803688,2
1377,803688,2
1378,803689,2
1379,803689,2
1380,803690,2
1381,803690,2
1382,803691,2
1383,803691,2
1384,803692,2
1385,803692,2
1386,803693,2
1387,803693,2
1388,803694,2
1389,803694,2
1390,803695,2
1391,803695,2
1392,803696,2
1393,803696,2
1394,803697,2
1395,803697,2
1396,803698,2
1397,803698,2
1398,803699,2
1399,803699,2
1400,803700,2
1401,803700,2
1402,803701,2
1403,803701,2
1404,803702,2
1405,803702,2
1406,803703,2
1407,803703,2
1408,803704,2
1409,803704,2
1410,803705,2
1411,803705,2
1412,803706,2
1413,803706,2
1414,803707,2
1415,803707,2
1416,803708,2
1417,803708,2
1418,803709,2
1419,803709,2
1420,803710,2
1421,803710,2
1422,803711,2
1423,803711,2
1424,803712,2
1425,803712,2
1426,803713,2
1427,803713,2
1428,803714,2
1429,803714,2
1430,803715,2
1431,803715,2
1432,803716,2
1433,803716,2
1434,803717,2
1435,803717,2
1436,803718,2
1437,803718,2
1438,803719,2
1439,803719,2
1440,803720,2
1441,803720,2
1442,803721,2
1443,803721,2
1444,803722,2
1445,803722,2
1446,803723,2
1447,803723,2
1448,803724,2
1449,803724,2
1450,803725,2
1451,803725,2
1452,803726,2
1453,803726,2
1454,803727,2
1455,803727,2
1456,803728,2
1457,803728,2
1458,803729,2
1459,803729,2
1460,803730,2
1461,803730,2
1462,803731,2
1463,803731,2
1464,803732,2
1465,803732,2
1466,803733,2
1467,803733,2
1468,803734,2
1469,803734,2
1470,803735,2
1471,803735,2
1472,803736,2
1473,803736,2
1474,803737,2
1475,803737,2
1476,803738,2
1477,803738,2
1478,803739,2
1479,803739,2
1480,803740,2
1481,803740,2
1482,803741,2
1483,803741,2
1484,803742,2
1485,803742,2
1486,803743,2
1487,803743,2
1488,803744,2
1489,803744,2
1490,803745,2
1491,803745,2
1492,803746,2
1493,803746,2
1494,803747,2
1495,803747,2
1496,803748,2
1497,803748,2
1498,803749,2
1499,803749,2
1500,803750,2
1501,803750,2
1502,803751,2
1503,803751,2
1504,803752,2
1505,803752,2
1506,803753,2
1507,803753,2
1508,803754,2
1509,803754,2
1510,803755,2
1511,803755,2
1512,803756,2
1513,803756,2
1514,803757,2
1515,803757,2
1516,803758,2
1517,803758,2
1518,803759,2
1519,803759,2
1520,803760,2
1521,803760,2
1522,803761,2
1523,803761,2
1524,803762,2
1525,803762,2
1526,803763,2
1527,803763,2
1528,803764,2
1529,803764,2
1530,803765,2
1531,803765,2
1532,803766,2
1533,803766,2
1534,803767,2
1535,803767,2
1536,803768,2
1537,803768,2
1538,803769,2
1539,803769,2
1540,803770,2
1541,803770,2
1542,803771,2
1543,803771,2
1544,803772,2
1545,803772,2
1546,803773,2
1547,803773,2
1548,803774,2
1549,803774,2
1550,803775,2
1551,803775,2
1552,803776,2
1553,803776,2
1554,803777,2
1555,803777,2
1556,803778,2
1557,803778,2
1558,803779,2
1559,803779,2
1560,803780,2
1561,803780,2
1562,803781,2
1563,803781,2
1564,803782,2
1565,803782,2
1566,803783,2
1567,803783,2
1568,803784,2
1569,803784,2
1570,803785,2
1571,803785,2
1572,803786,2
1573,803786,2
1574,803787,2
1575,803787,2
1576,803788,2
1577,803788,2
1578,803789,2
1579,803789,2
1580,803790,2
1581,803790,2
1582,803791,2
1583,803791,2
1584,803792,2
1585,803792,2
1586,803793,2
1587,803793,2
1588,803794,2
1589,803794,2
1590,803795,2
1591,803795,2
1592,803796,2
1593,803796,2
1594,803797,2
1595,803797,2
1596,803798,2
1597,803798,2
1598,803799,2
1599,803799,2
1600,803800,2
1601,803800,2
1602,803801,2
1603,803801,2
1604,803802,2
1605,803802,2
1606,803803,2
1607,803803,2
1608,803804,2
1609,803804,2
1610,803805,2
1611,803805,2
1612,803806,2
1613,803806,2
1614,803807,2
1615,803807,2
1616,803808,2
1617,803808,2
1618,803809,2
1619,803809,2
1620,803810,2
1621,803810,2
1622,803811,2
1623,803811,2
1624,803812,2
1625,803812,2
1626,803813,2
1627,803813,2
1628,803814,2
1629,803814,2
1630,803815,2
1631,803815,2
1632,803816,2
1633,803816,2
1634,803817,2
1635,803817,2
1636,803818,2
1637,803818,2
1638,803819,2
1639,803819,2
1640,803820,2
1641,803820,2
1642,803821,2
1643,803821,2
1644,803822,2
1645,803822,2
1646,803823,2
1647,803823,2
1648,803824,2
1649,803824,2
1650,803825,2
1651,803825,2
1652,803826,2
1653,803826,2
1654,803827,2
1655,803827,2
1656,803828,2
1657,803828,2
1658,803829,2
1659,803829,2
1660,803830,2
1661,803830,2
1662,803831,2
1663,803831,2
1664,803832,2
1665,803832,2
1666,803833,2
1667,803833,2
1668,803834,2
1669,803834,2
1670,803835,2
1671,803835,2
1672,803836,2
1673,803836,2
1674,803837,2
1675,803837,2
1676,803838,2
1677,803838,2
1678,803839,2
1679,803839,2
1680,803840,2
1681,803840,2
1682,803841,2
1683,803841,2
1684,803842,2
1685,803842,2
1686,803843,2
1687,803843,2
1688,803844,2
1689,803844,2
1690,803845,2
1691,803845,2
1692,803846,2
1693,803846,2
1694,803847,2
1695,803847,2
1696,803848,2
1697,803848,2
1698,803849,2
1699,803849,2
1700,803850,2
1701,803850,2
1702,803851,2
1703,803851,2
1704,803852,2
1705,803852,2
1706,803853,2
1707,803853,2
1708,803854,2
1709,803854,2
1710,803855,2
1711,803855,2
1712,803856,2
1713,803856,2
1714,803857,2
1715,803857,2
1716,803858,2
1717,803858,2
1718,803859,2
1719,803859,2
1720,803860,2
1721,803860,2
1722,803861,2
1723,803861,2
1724,803862,2
1725,803862,2
1726,803863,2
1727,803863,2
1728,803864,2
1729,803864,2
1730,803865,2
1731,803865,2
1732,803866,2
1733,803866,2
1734,803867,2
1735,803867,2
1736,803868,2
1737,803868,2
1738,803869,2
1739,803869,2
1740,803870,2
1741,803870,2
1742,803871,2
1743,803871,2
1744,803872,2
1745,803872,2
1746,803873,2
1747,803873,2
1748,803874,2
1749,803874,2
1750,803875,2
1751,803875,2
1752,803876,2
1753,803876,2
1754,803877,2
1755,803877,2
1756,803878,2
1757,803878,2
1758,803879,2
1759,803879,2
1760,803880,2
1761,803880,2
1762,803881,2
1763,803881,2
1764,803882,2
1765,803882,2
1766,803883,2
1767,803883,2
1768,803884,2
1769,803884,2
1770,803885,2
1771,803885,2
1772,803886,2
1773,803886,2
1774,803887,2
1775,803887,2
1776,803888,2
1777,803888,2
1778,803889,2
1779,803889,2
1780,803890,2
1781,803890,2
1782,803891,2
1783,803891,2
1784,803892,2
1785,803892,2
1786,803893,2
1787,803893,2
1788,803894,2
1789,803894,2
1790,803895,2
1791,803895,2
1792,803896,2
1793,803896,2
1794,803897,2
1795,803897,2
1796,803898,2
1797,803898,2
1798,803899,2
1799,803899,2
1800,803900,2
1801,803900,2
1802,803901,2
1803,803901,2
1804,803902,2
1805,803902,2
1806,803903,2
1807,803903,2
1808,803904,2
1809,803904,2
1810,803905,2
1811,803905,2
1812,803906,2
1813,803906,2
1814,803907,2
1815,803907,2
1816,803908,2
1817,803908,2
1818,803909,2
1819,803909,2
1820,803910,2
1821,803910,2
1822,803911,2
1823,803911,2
1824,803912,2
1825,803912,2
1826,803913,2
1827,803913,2
1828,803914,2
1829,803914,2
1830,803915,2
1831,803915,2
1832,803916,2
1833,803916,2
1834,803917,2
1835,803917,2
1836,803918,2
1837,803918,2
1838,803919,2
1839,803919,2
1840,803920,2
1841,803920,2
1842,803921,2
1843,803921,2
1844,803922,2
1845,803922,2
1846,803923,2
1847,803923,2
1848,803924,2
1849,803924,2
1850,803925,2
1851,803925,2
1852,803926,2
1853,803926,2
1854,803927,2
1855,803927,2
1856,803928,2
1857,803928,2
1858,803929,2
1859,803929,2
1860,803930,2
1861,803930,2
1862,803931,2
1863,803931,2
1864,803932,2
1865,803932,2
1866,803933,2
1867,803933,2
1868,803934,2
1869,803934,2
1870,803935,2
1871,803935,2
1872,803936,2
1873,803936,2
1874,803937,2
1875,803937,2
1876,803938,2
1877,803938,2
1878,803939,2
1879,803939,2
1880,803940,2
1881,803940,2
1882,803941,2
1883,803941,2
1884,803942,2
1885,803942,2
1886,803943,2
1887,803943,2
1888,803944,2
1889,803944,2
1890,803945,2
1891,803945,2
1892,803946,2
1893,803946,2
1894,803947,2
1895,803947,2
1896,803948,2
1897,803948,2
1898,803949,2
1899,803949,2
1900,803950,2
1901,803950,2
1902,803951,2
1903,803951,2
1904,803952,2
1905,803952,2
1906,803953,2
1907,803953,2
1908,803954,2
1909,803954,2
1910,803955,2
1911,803955,2
1912,803956,2
1913,803956,2
1914,803957,2
1915,803957,2
1916,803958,2
1917,803958,2
1918,803959,2
1919,803959,2
1920,803960,2
1921,803960,2
1922,803961,2
1923,803961,2
1924,803962,2
1925,803962,2
1926,803963,2
1927,803963,2
1928,803964,2
1929,803964,2
1930,803965,2
1931,803965,2
1932,803966,2
1933,803966,2
1934,803967,2
1935,803967,2
1936,803968,2
1937,803968,2
1938,803969,2
1939,803969,2
1940,803970,2
1941,803970,2
1942,803971,2
1943,803971,2
1944,803972,2
1945,803972,2
1946,803973,2
1947,803973,2
1948,803974,2
1949,803974,2
1950,803975,2
1951,803975,2
1952,803976,2
1953,803976,2
1954,803977,2
1955,803977,2
1956,803978,2
1957,803978,2
1958,803979,2
1959,803979,2
1960,803980,2
1961,803980,2
1962,803981,2
1963,803981,2
1964,803982,2
1965,803982,2
1966,803983,2
1967,803983,2
1968,803984,2
1969,803984,2
1970,803985,2
1971,803985,2
1972,803986,2
1973,803986,2
1974,803987,2
1975,803987,2
1976,803988,2
1977,803988,2
1978,803989,2
1979,803989,2
1980,803990,2
1981,803990,2
1982,803991,2
1983,803991,2
1984,803992,2
1985,803992,2
1986,803993,2
1987,803993,2
1988,803994,2
1989,803994,2
1990,803995,2
1991,803995,2
1992,803996,2
1993,803996,2
1994,803997,2
1995,803997,2
1996,803998,2
1997,803998,2
1998,803999,2
1999,803999,2
2000,804000,2
2001,804000,2
2002,804001,2
2003,804001,2
2004,804002,2
2005,804002,2
2006,804003,2
2007,804003,2
2008,804004,2
2009,804004,2
2010,804005,2
2011,804005,2
2012,804006,2
2013,804006,2
2014,804007,2
2015,804007,2
2016,804008,2
2017,804008,2
2018,804009,2
2019,804009,2
2020,804010,2
2021,804010,2
2022,804011,2
2023,804011,2
2024,804012,2
2025,804012,2
2026,804013,2
2027,804013,2
2028,804014,2
2029,804014,2
2030,804015,2
2031,804015,2
2032,804016,2
2033,804016,2
2034,804017,2
2035,804017,2
2036,804018,2
2037,804018,2
2038,804019,2
2039,804019,2
2040,804020,2
2041,804020,2
2042,804021,2
2043,804021,2
2044,804022,2
2045,804022,2
2046,804023,2
2047,804023,2
2048,804024,2
2049,804024,2
2050,804025,2
2051,804025,2
2052,804026,2
2053,804026,2
2054,804027,2
2055,804027,2
2056,804028,2
2057,804028,2
2058,804029,2
2059,804029,2
2060,804030,2
2061,804030,2
2062,804031,2
2063,804031,2
2064,804032,2
2065,804032,2
2066,804033,2
2067,804033,2
2068,804034,2
2069,804034,2
2070,804035,2
2071,804035,2
2072,804036,2
2073,804036,2
2074,804037,2
2075,804037,2
2076,804038,2
2077,804038,2
2078,804039,2
2079,804039,2
2080,804040,2
2081,804040,2
2082,804041,2
2083,804041,2
2084,804042,2
2085,804042,2
2086,804043,2
2087,804043,2
2088,804044,2
2089,804044,2
2090,804045,2
2091,804045,2
2092,804046,2
2093,804046,2
2094,804047,2
2095,804047,2
2096,804048,2
2097,804048,2
2098,804049,2
2099,804049,2
2100,804050,2
2101,804050,2
2102,804051,2
2103,804051,2
2104,804052,2
2105,804052,2
2106,804053,2
2107,804053,2
2108,804054,2
2109,804054,2
2110,804055,2
2111,804055,2
2112,804056,2
2113,804056,2
2114,804057,2
2115,804057,2
2116,804058,2
2117,804058,2
2118,804059,2
2119,804059,2
2120,804060,2
2121,804060,2
2122,804061,2
2123,804061,2
2124,804062,2
2125,804062,2
2126,804063,2
2127,804063,2
2128,804064,2
2129,804064,2
2130,804065,2
2131,804065,2
2132,804066,2
2133,804066,2
2134,804067,2
2135,804067,2
2136,804068,2
2137,804068,2
2138,804069,2
2139,804069,2
2140,804070,2
2141,804070,2
2142,804071,2
2143,804071,2
2144,804072,2
2145,804072,2
2146,804073,2
2147,804073,2
2148,804074,2
2149,804074,2
2150,804075,2
2151,804075,2
2152,804076,2
2153,804076,2
2154,804077,2
2155,804077,2
2156,804078,2
2157,804078,2
2158,804079,2
2159,804079,2
2160,804080,2
2161,804080,2
2162,804081,2
2163,804081,2
2164,804082,2
2165,804082,2
2166,804083,2
2167,804083,2
2168,804084,2
2169,804084,2
2170,804085,2
2171,804085,2
2172,804086,2
2173,804086,2
2174,804087,2
2175,804087,2
2176,804088,2
2177,804088,2
2178,804089,2
2179,804089,2
2180,804090,2
2181,804090,2
2182,804091,2
2183,804091,2
2184,804092,2
2185,804092,2
2186,804093,2
2187,804093,2
2188,804094,2
2189,804094,2
2190,804095,2
2191,804095,2
2192,804096,2
2193,804096,2
2194,804097,2
2195,804097,2
2196,804098,2
2197,804098,2
2198,804099,2
2199,804099,2
2200,804100,2
2201,804100,2
2202,804101,2
2203,804101,2
2204,804102,2
2205,804102,2
2206,804103,2
2207,804103,2
2208,804104,2
2209,804104,2
2210,804105,2
2211,804105,2
2212,804106,2
2213,804106,2
2214,804107,2
2215,804107,2
2216,804108,2
2217,804108,2
2218,804109,2
2219,804109,2
2220,804110,2
2221,804110,2
2222,804111,2
2223,804111,2
2224,804112,2
2225,804112,2
2226,804113,2
2227,804113,2
2228,804114,2
2229,804114,2
2230,804115,2
2231,804115,2
2232,804116,2
2233,804116,2
2234,804117,2
2235,804117,2
2236,804118,2
2237,804118,2
2238,804119,2
2239,804119,2
2240,804120,2
2241,804120,2
2242,804121,2
2243,804121,2
2244,804122,2
2245,804122,2
2246,804123,2
2247,804123,2
2248,804124,2
2249,804124,2
2250,804125,2
2251,804125,2
2252,804126,2
2253,804126,2
2254,804127,2
2255,804127,2
2256,804128,2
2257,804128,2
2258,804129,2
2259,804129,2
2260,804130,2
2261,804130,2
2262,804131,2
2263,804131,2
2264,804132,2
2265,804132,2
2266,804133,2
2267,804133,2
2268,804134,2
2269,804134,2
2270,804135,2
2271,804135,2
2272,804136,2
2273,804136,2
2274,804137,2
2275,804137,2
2276,804138,2
2277,804138,2
2278,804139,2
2279,804139,2
2280,804140,2
2281,804140,2
2282,804141,2
2283,804141,2
2284,804142,2
2285,804142,2
2286,804143,2
2287,804143,2
2288,804144,2
2289,804144,2
2290,804145,2
2291,804145,2
2292,804146,2
2293,804146,2
2294,804147,2
2295,804147,2
2296,804148,2
2297,804148,2
2298,804149,2
2299,804149,2
2300,804150,2
2301,804150,2
2302,804151,2
2303,804151,2
2304,804152,2
2305,804152,2
2306,804153,2
2307,804153,2
2308,804154,2
2309,804154,2
2310,804155,2
2311,804155,2
2312,804156,2
2313,804156,2
2314,804157,2
2315,804157,2
2316,804158,2
2317,804158,2
2318,804159,2
2319,804159,2
2320,804160,2
2321,804160,2
2322,804161,2
2323,804161,2
2324,804162,2
2325,804162,2
2326,804163,2
2327,804163,2
2328,804164,2
2329,804164,2
2330,804165,2
2331,804165,2
2332,804166,2
2333,804166,2
2334,804167,2
2335,804167,2
2336,804168,2
2337,804168,2
2338,804169,2
2339,804169,2
2340,804170,2
2341,804170,2
2342,804171,2
2343,804171,2
2344,804172,2
2345,804172,2
2346,804173,2
2347,804173,2
2348,804174,2
2349,804174,2
2350,804175,2
2351,804175,2
2352,804176,2
2353,804176,2
2354,804177,2
2355,804177,2
2356,804178,2
2357,804178,2
2358,804179,2
2359,804179,2
2360,804180,2
2361,804180,2
2362,804181,2
2363,804181,2
2364,804182,2
2365,804182,2
2366,804183,2
2367,804183,2
2368,804184,2
2369,804184,2
2370,804185,2
2371,804185,2
2372,804186,2
2373,804186,2
2374,804187,2
2375,804187,2
2376,804188,2
2377,804188,2
2378,804189,2
2379,804189,2
2380,804190,2
2381,804190,2
2382,804191,2
2383,804191,2
2384,804192,2
2385,804192,2
2386,804193,2
2387,804193,2
2388,804194,2
2389,804194,2
2390,804195,2
2391,804195,2
2392,804196,2
2393,804196,2
2394,804197,2
2395,804197,2
2396,804198,2
2397,804198,2
2398,804199,2
2399,804199,2
2400,804200,2
2401,804200,2
2402,804201,2
2403,804201,2
2404,804202,2
2405,804202,2
2406,804203,2
2407,804203,2
2408,804204,2
2409,804204,2
2410,804205,2
2411,804205,2
2412,804206,2
2413,804206,2
2414,804207,2
2415,804207,2
2416,804208,2
2417,804208,2
2418,804209,2
2419,804209,2
2420,804210,2
2421,804210,2
2422,804211,2
2423,804211,2
2424,804212,2
2425,804212,2
2426,804213,2
2427,804213,2
2428,804214,2
2429,804214,2
2430,804215,2
2431,804215,2
2432,804216,2
2433,804216,2
2434,804217,2
2435,804217,2
2436,804218,2
2437,804218,2
2438,804219,2
2439,804219,2
2440,804220,2
2441,804220,2
2442,804221,2
2443,804221,2
2444,804222,2
2445,804222,2
2446,804223,2
2447,804223,2
2448,804224,2
2449,804224,2
2450,804225,2
2451,804225,2
2452,804226,2
2453,804226,2
2454,804227,2
2455,804227,2
2456,804228,2
2457,804228,2
2458,804229,2
2459,804229,2
2460,804230,2
2461,804230,2
2462,804231,2
2463,804231,2
2464,804232,2
2465,804232,2
2466,804233,2
2467,804233,2
2468,804234,2
2469,804234,2
2470,804235,2
2471,804235,2
2472,804236,2
2473,804236,2
2474,804237,2
2475,804237,2
2476,804238,2
2477,804238,2
2478,804239,2
2479,804239,2
2480,804240,2
2481,804240,2
2482,804241,2
2483,804241,2
2484,804242,2
2485,804242,2
2486,804243,2
2487,804243,2
2488,804244,2
2489,804244,2
2490,804245,2
2491,804245,2
2492,804246,2
2493,804246,2
2494,804247,2
2495,804247,2
2496,804248,2
2497,804248,2
2498,804249,2
2499,804249,2
2500,804250,2
2501,804250,2
2502,804251,2
2503,804251,2
2504,804252,2
2505,804252,2
2506,804253,2
2507,804253,2
2508,804254,2
2509,804254,2
2510,804255,2
2511,804255,2
2512,804256,2
2513,804256,2
2514,804257,2
2515,804257,2
2516,804258,2
2517,804258,2
2518,804259,2
2519,804259,2
2520,804260,2
2521,804260,2
2522,804261,2
2523,804261,2
2524,804262,2
2525,804262,2
2526,804263,2
2527,804263,2
2528,804264,2
2529,804264,2
2530,804265,2
2531,804265,2
2532,804266,2
2533,804266,2
2534,804267,2
2535,804267,2
2536,804268,2
2537,804268,2
2538,804269,2
2539,804269,2
2540,804270,2
2541,804270,2
2542,804271,2
2543,804271,2
2544,804272,2
2545,804272,2
2546,804273,2
2547,804273,2
2548,804274,2
2549,804274,2
2550,804275,2
2551,804275,2
2552,804276,2
2553,804276,2
2554,804277,2
2555,804277,2
2556,804278,2
2557,804278,2
2558,804279,2
2559,804279,2
2560,804280,2
2561,804280,2
2562,804281,2
2563,804281,2
2564,804282,2
2565,804282,2
2566,804283,2
2567,804283,2
2568,804284,2
2569,804284,2
2570,804285,2
2571,804285,2
2572,804286,2
2573,804286,2
2574,804287,2
2575,804287,2
2576,804288,2
2577,804288,2
2578,804289,2
2579,804289,2
2580,804290,2
2581,804290,2
2582,804291,2
2583,804291,2
2584,804292,2
2585,804292,2
2586,804293,2
2587,804293,2
2588,804294,2
2589,804294,2
2590,804295,2
2591,804295,2
2592,804296,2
2593,804296,2
2594,804297,2
2595,804297,2
2596,804298,2
2597,804298,2
2598,804299,2
2599,804299,2
2600,804300,2
2601,804300,2
2602,804301,2
2603,804301,2
2604,804302,2
2605,804302,2
2606,804303,2
2607,804303,2
2608,804304,2
2609,804304,2
2610,804305,2
2611,804305,2
2612,804306,2
2613,804306,2
2614,804307,2
2615,804307,2
2616,804308,2
2617,804308,2
2618,804309,2
2619,804309,2
2620,804310,2
2621,804310,2
2622,804311,2
2623,804311,2
2624,804312,2
2625,804312,2
2626,804313,2
2627,804313,2
2628,804314,2
2629,804314,2
2630,804315,2
2631,804315,2
2632,804316,2
2633,804316,2
2634,804317,2
2635,804317,2
2636,804318,2
2637,804318,2
2638,804319,2
2639,804319,2
2640,804320,2
2641,804320,2
2642,804321,2
2643,804321,2
2644,804322,2
2645,804322,2
2646,804323,2
2647,804323,2
2648,804324,2
2649,804324,2
2650,804325,2
2651,804325,2
2652,804326,2
2653,804326,2
2654,804327,2
2655,804327,2
2656,804328,2
2657,804328,2
2658,804329,2
2659,804329,2
2660,804330,2
2661,804330,2
2662,804331,2
2663,804331,2
2664,804332,2
2665,804332,2
2666,804333,2
2667,804333,2
2668,804334,2
2669,804334,2
2670,804335,2
2671,804335,2
2672,804336,2
2673,804336,2
2674,804337,2
2675,804337,2
2676,804338,2
2677,804338,2
2678,804339,2
2679,804339,2
2680,804340,2
2681,804340,2
2682,804341,2
2683,804341,2
2684,804342,2
2685,804342,2
2686,804343,2
2687,804343,2
2688,804344,2
2689,804344,2
2690,804345,2
2691,804345,2
2692,804346,2
2693,804346,2
2694,804347,2
2695,804347,2
2696,804348,2
2697,804348,2
2698,804349,2
2699,804349,2
2700,804350,2
2701,804350,2
2702,804351,2
2703,804351,2
2704,804352,2
2705,804352,2
2706,804353,2
2707,804353,2
2708,804354,2
2709,804354,2
2710,804355,2
2711,804355,2
2712,804356,2
2713,804356,2
2714,804357,2
2715,804357,2
2716,804358,2
2717,804358,2
2718,804359,2
2719,804359,2
2720,804360,2
2721,804360,2
2722,804361,2
2723,804361,2
2724,804362,2
2725,804362,2
2726,804363,2
2727,804363,2
2728,804364,2
2729,804364,2
2730,804365,2
2731,804365,2
2732,804366,2
2733,804366,2
2734,804367,2
2735,804367,2
2736,804368,2
2737,804368,2
2738,804369,2
2739,804369,2
2740,804370,2
2741,804370,2
2742,804371,2
2743,804371,2
2744,804372,2
2745,804372,2
2746,804373,2
2747,804373,2
2748,804374,2
2749,804374,2
2750,804375,2
2751,804375,2
2752,804376,2
2753,804376,2
2754,804377,2
2755,804377,2
2756,804378,2
2757,804378,2
2758,804379,2
2759,804379,2
2760,804380,2
2761,804380,2
2762,804381,2
2763,804381,2
2764,804382,2
2765,804382,2
2766,804383,2
2767,804383,2
2768,804384,2
2769,804384,2
2770,804385,2
2771,804385,2
2772,804386,2
2773,804386,2
2774,804387,2
2775,804387,2
2776,804388,2
2777,804388,2
2778,804389,2
2779,804389,2
2780,804390,2
2781,804390,2
2782,804391,2
2783,804391,2
2784,804392,2
2785,804392,2
2786,804393,2
2787,804393,2
2788,804394,2
2789,804394,2
2790,804395,2
2791,804395,2
2792,804396,2
2793,804396,2
2794,804397,2
2795,804397,2
2796,804398,2
2797,804398,2
2798,804399,2
2799,804399,2
2800,804400,2
2801,804400,2
2802,804401,2
2803,804401,2
2804,804402,2
2805,804402,2
2806,804403,2
2807,804403,2
2808,804404,2
2809,804404,2
2810,804405,2
2811,804405,2
2812,804406,2
2813,804406,2
2814,804407,2
2815,804407,2
2816,804408,2
2817,804408,2
2818,804409,2
2819,804409,2
2820,804410,2
2821,804410,2
2822,804411,2
2823,804411,2
2824,804412,2
2825,804412,2
2826,804413,2
2827,804413,2
2828,804414,2
2829,804414,2
2830,804415,2
2831,804415,2
2832,804416,2
2833,804416,2
2834,804417,2
2835,804417,2
2836,804418,2
2837,804418,2
2838,804419,2
2839,804419,2
2840,804420,2
2841,804420,2
2842,804421,2
2843,804421,2
2844,804422,2
2845,804422,2
2846,804423,2
2847,804423,2
2848,804424,2
2849,804424,2
2850,804425,2
2851,804425,2
2852,804426,2
2853,804426,2
2854,804427,2
2855,804427,2
2856,804428,2
2857,804428,2
2858,804429,2
2859,804429,2
2860,804430,2
2861,804430,2
2862,804431,2
2863,804431,2
2864,804432,2
2865,804432,2
2866,804433,2
2867,804433,2
2868,804434,2
2869,804434,2
2870,804435,2
2871,804435,2
2872,804436,2
2873,804436,2
2874,804437,2
2875,804437,2
2876,804438,2
2877,804438,2
2878,804439,2
2879,804439,2
2880,804440,2
2881,804440,2
2882,804441,2
2883,804441,2
2884,804442,2
2885,804442,2
2886,804443,2
2887,804443,2
2888,804444,2
2889,804444,2
2890,804445,2
2891,804445,2
2892,804446,2
2893,804446,2
2894,804447,2
2895,804447,2
2896,804448,2
2897,804448,2
2898,804449,2
2899,804449,2
2900,804450,2
2901,804450,2
2902,804451,2
2903,804451,2
2904,804452,2
2905,804452,2
2906,804453,2
2907,804453,2
2908,804454,2
2909,804454,2
2910,804455,2
2911,804455,2
2912,804456,2
2913,804456,2
2914,804457,2
2915,804457,2
2916,804458,2
2917,804458,2
2918,804459,2
2919,804459,2
2920,804460,2
2921,804460,2
2922,804461,2
2923,804461,2
2924,804462,2
2925,804462,2
2926,804463,2
2927,804463,2
2928,804464,2
2929,804464,2
2930,804465,2
2931,804465,2
2932,804466,2
2933,804466,2
2934,804467,2
2935,804467,2
2936,804468,2
2937,804468,2
2938,804469,2
2939,804469,2
2940,804470,2
2941,804470,2
2942,804471,2
2943,804471,2
2944,804472,2
2945,804472,2
2946,804473,2
2947,804473,2
2948,804474,2
2949,804474,2
2950,804475,2
2951,804475,2
2952,804476,2
2953,804476,2
2954,804477,2
2955,804477,2
2956,804478,2
2957,804478,2
2958,804479,2
2959,804479,2
2960,804480,2
2961,804480,2
2962,804481,2
2963,804481,2
2964,804482,2
2965,804482,2
2966,804483,2
2967,804483,2
2968,804484,2
2969,804484,2
2970,804485,2
2971,804485,2
2972,804486,2
2973,804486,2
2974,804487,2
2975,804487,2
2976,804488,2
2977,804488,2
2978,804489,2
2979,804489,2
2980,804490,2
2981,804490,2
2982,804491,2
2983,804491,2
2984,804492,2
2985,804492,2
2986,804493,2
2987,804493,2
2988,804494,2
2989,804494,2
2990,804495,2
2991,804495,2
2992,804496,2
2993,804496,2
2994,804497,2
2995,804497,2
2996,804498,2
2997,804498,2
2998,804499,2
2999,804499,2
3000,804500,2
3001,804500,2
3002,804501,2
3003,804501,2
3004,804502,2
3005,804502,2
3006,804503,2
3007,804503,2
3008,804504,2
3009,804504,2
3010,804505,2
3011,804505,2
3012,804506,2
3013,804506,2
3014,804507,2
3015,804507,2
3016,804508,2
3017,804508,2
3018,804509,2
3019,804509,2
3020,804510,2
3021,804510,2
3022,804511,2
3023,804511,2
3024,804512,2
3025,804512,2
3026,804513,2
3027,804513,2
3028,804514,2
3029,804514,2
3030,804515,2
3031,804515,2
3032,804516,2
3033,804516,2
3034,804517,2
3035,804517,2
3036,804518,2
3037,804518,2
3038,804519,2
3039,804519,2
3040,804520,2
3041,804520,2
3042,804521,2
3043,804521,2
3044,804522,2
3045,804522,2
3046,804523,2
3047,804523,2
3048,804524,2
3049,804524,2
3050,804525,2
3051,804525,2
3052,804526,2
3053,804526,2
3054,804527,2
3055,804527,2
3056,804528,2
3057,804528,2
3058,804529,2
3059,804529,2
3060,804530,2
3061,804530,2
3062,804531,2
3063,804531,2
3064,804532,2
3065,804532,2
3066,804533,2
3067,804533,2
3068,804534,2
3069,804534,2
3070,804535,2
3071,804535,2
3072,804536,2
3073,804536,2
3074,804537,2
3075,804537,2
3076,804538,2
3077,804538,2
3078,804539,2
3079,804539,2
3080,804540,2
3081,804540,2
3082,804541,2
3083,804541,2
3084,804542,2
3085,804542,2
3086,804543,2
3087,804543,2
3088,804544,2
3089,804544,2
3090,804545,2
3091,804545,2
3092,804546,2
3093,804546,2
3094,804547,2
3095,804547,2
3096,804548,2
3097,804548,2
3098,804549,2
3099,804549,2
3100,804550,2
3101,804550,2
3102,804551,2
3103,804551,2
3104,804552,2
3105,804552,2
3106,804553,2
3107,804553,2
3108,804554,2
3109,804554,2
3110,804555,2
3111,804555,2
3112,804556,2
3113,804556,2
3114,804557,2
3115,804557,2
3116,804558,2
3117,804558,2
3118,804559,2
3119,804559,2
3120,804560,2
3121,804560,2
3122,804561,2
3123,804561,2
3124,804562,2
3125,804562,2
3126,804563,2
3127,804563,2
3128,804564,2
3129,804564,2
3130,804565,2
3131,804565,2
3132,804566,2
3133,804566,2
3134,804567,2
3135,804567,2
3136,804568,2
3137,804568,2
3138,804569,2
3139,804569,2
3140,804570,2
3141,804570,2
3142,804571,2
3143,804571,2
3144,804572,2
3145,804572,2
3146,804573,2
3147,804573,2
3148,804574,2
3149,804574,2
3150,804575,2
3151,804575,2
3152,804576,2
3153,804576,2
3154,804577,2
3155,804577,2
3156,804578,2
3157,804578,2
3158,804579,2
3159,804579,2
3160,804580,2
3161,804580,2
3162,804581,2
3163,804581,2
3164,804582,2
3165,804582,2
3166,804583,2
3167,804583,2
3168,804584,2
3169,804584,2
3170,804585,2
3171,804585,2
3172,804586,2
3173,804586,2
3174,804587,2
3175,804587,2
3176,804588,2
3177,804588,2
3178,804589,2
3179,804589,2
3180,804590,2
3181,804590,2
3182,804591,2
3183,804591,2
3184,804592,2
3185,804592,2
3186,804593,2
3187,804593,2
3188,804594,2
3189,804594,2
3190,804595,2
3191,804595,2
3192,804596,2
3193,804596,2
3194,804597,2
3195,804597,2
3196,804598,2
3197,804598,2
3198,804599,2
3199,804599,2
3200,804600,2
3201,804600,2
3202,804601,2
3203,804601,2
3204,804602,2
3205,804602,2
3206,804603,2
3207,804603,2
3208,804604,2
3209,804604,2
3210,804605,2
3211,804605,2
3212,804606,2
3213,804606,2
3214,804607,2
3215,804607,2
3216,804608,2
3217,804608,2
3218,804609,2
3219,804609,2
3220,804610,2
3221,804610,2
3222,804611,2
3223,804611,2
3224,804612,2
3225,804612,2
3226,804613,2
3227,804613,2
3228,804614,2
3229,804614,2
3230,804615,2
3231,804615,2
3232,804616,2
3233,804616,2
3234,804617,2
3235,804617,2
3236,804618,2
3237,804618,2
3238,804619,2
3239,804619,2
3240,804620,2
3241,804620,2
3242,804621,2
3243,804621,2
3244,804622,2
3245,804622,2
3246,804623,2
3247,804623,2
3248,804624,2
3249,804624,2
3250,804625,2
3251,804625,2
3252,804626,2
3253,804626,2
3254,804627,2
3255,804627,2
3256,804628,2
3257,804628,2
3258,804629,2
3259,804629,2
3260,804630,2
3261,804630,2
3262,804631,2
3263,804631,2
3264,804632,2
3265,804632,2
3266,804633,2
3267,804633,2
3268,804634,2
3269,804634,2
3270,804635,2
3271,804635,2
3272,804636,2
3273,804636,2
3274,804637,2
3275,804637,2
3276,804638,2
3277,804638,2
3278,804639,2
3279,804639,2
3280,804640,2
3281,804640,2
3282,804641,2
3283,804641,2
3284,804642,2
3285,804642,2
3286,804643,2
3287,804643,2
3288,804644,2
3289,804644,2
3290,804645,2
3291,804645,2
3292,804646,2
3293,804646,2
3294,804647,2
3295,804647,2
3296,804648,2
3297,804648,2
3298,804649,2
3299,804649,2
3300,804650,2
3301,804650,2
3302,804651,2
3303,804651,2
3304,804652,2
3305,804652,2
3306,804653,2
3307,804653,2
3308,804654,2
3309,804654,2
3310,804655,2
3311,804655,2
3312,804656,2
3313,804656,2
3314,804657,2
3315,804657,2
3316,804658,2
3317,804658,2
3318,804659,2
3319,804659,2
3320,804660,2
3321,804660,2
3322,804661,2
3323,804661,2
3324,804662,2
3325,804662,2
3326,804663,2
3327,804663,2
3328,804664,2
3329,804664,2
3330,804665,2
3331,804665,2
3332,804666,2
3333,804666,2
3334,804667,2
3335,804667,2
3336,804668,2
3337,804668,2
3338,804669,2
3339,804669,2
3340,804670,2
3341,804670,2
3342,804671,2
3343,804671,2
3344,804672,2
3345,804672,2
3346,804673,2
3347,804673,2
3348,804674,2
3349,804674,2
3350,804675,2
3351,804675,2
3352,804676,2
3353,804676,2
3354,804677,2
3355,804677,2
3356,804678,2
3357,804678,2
3358,804679,2
3359,804679,2
3360,804680,2
3361,804680,2
3362,804681,2
3363,804681,2
3364,804682,2
3365,804682,2
3366,804683,2
3367,804683,2
3368,804684,2
3369,804684,2
3370,804685,2
3371,804685,2
3372,804686,2
3373,804686,2
3374,804687,2
3375,804687,2
3376,804688,2
3377,804688,2
3378,804689,2
3379,804689,2
3380,804690,2
3381,804690,2
3382,804691,2
3383,804691,2
3384,804692,2
3385,804692,2
3386,804693,2
3387,804693,2
3388,804694,2
3389,804694,2
3390,804695,2
3391,804695,2
3392,804696,2
3393,804696,2
3394,804697,2
3395,804697,2
3396,804698,2
3397,804698,2
3398,804699,2
3399,804699,2
3400,804700,2
3401,804700,2
3402,804701,2
3403,804701,2
3404,804702,2
3405,804702,2
3406,804703,2
3407,804703,2
3408,804704,2
3409,804704,2
3410,804705,2
3411,804705,2
3412,804706,2
3413,804706,2
3414,804707,2
3415,804707,2
3416,804708,2
3417,804708,2
3418,804709,2
3419,804709,2
3420,804710,2
3421,804710,2
3422,804711,2
3423,804711,2
3424,804712,2
3425,804712,2
3426,804713,2
3427,804713,2
3428,804714,2
3429,804714,2
3430,804715,2
3431,804715,2
3432,804716,2
3433,804716,2
3434,804717,2
3435,804717,2
3436,804718,2
3437,804718,2
3438,804719,2
3439,804719,2
3440,804720,2
3441,804720,2
3442,804721,2
3443,804721,2
3444,804722,2
3445,804722,2
3446,804723,2
3447,804723,2
3448,804724,2
3449,804724,2
3450,804725,2
3451,804725,2
3452,804726,2
3453,804726,2
3454,804727,2
3455,804727,2
3456,804728,2
3457,804728,2
3458,804729,2
3459,804729,2
3460,804730,2
3461,804730,2
3462,804731,2
3463,804731,2
3464,804732,2
3465,804732,2
3466,804733,2
3467,804733,2
3468,804734,2
3469,804734,2
3470,804735,2
3471,804735,2
3472,804736,2
3473,804736,2
3474,804737,2
3475,804737,2
3476,804738,2
3477,804738,2
3478,804739,2
3479,804739,2
3480,804740,2
3481,804740,2
3482,804741,2
3483,804741,2
3484,804742,2
3485,804742,2
3486,804743,2
3487,804743,2
3488,804744,2
3489,804744,2
3490,804745,2
3491,804745,2
3492,804746,2
3493,804746,2
3494,804747,2
3495,804747,2
3496,804748,2
3497,804748,2
3498,804749,2
3499,804749,2
3500,804750,2
3501,804750,2
3502,804751,2
3503,804751,2
3504,804752,2
3505,804752,2
3506,804753,2
3507,804753,2
3508,804754,2
3509,804754,2
3510,804755,2
3511,804755,2
3512,804756,2
3513,804756,2
3514,804757,2
3515,804757,2
3516,804758,2
3517,804758,2
3518,804759,2
3519,804759,2
3520,804760,2
3521,804760,2
3522,804761,2
3523,804761,2
3524,804762,2
3525,804762,2
3526,804763,2
3527,804763,2
3528,804764,2
3529,804764,2
3530,804765,2
3531,804765,2
3532,804766,2
3533,804766,2
3534,804767,2
3535,804767,2
3536,804768,2
3537,804768,2
3538,804769,2
3539,804769,2
3540,804770,2
3541,804770,2
3542,804771,2
3543,804771,2
3544,804772,2
3545,804772,2
3546,804773,2
3547,804773,2
3548,804774,2
3549,804774,2
3550,804775,2
3551,804775,2
3552,804776,2
3553,804776,2
3554,804777,2
3555,804777,2
3556,804778,2
3557,804778,2
3558,804779,2
3559,804779,2
3560,804780,2
3561,804780,2
3562,804781,2
3563,804781,2
3564,804782,2
3565,804782,2
3566,804783,2
3567,804783,2
3568,804784,2
3569,804784,2
3570,804785,2
3571,804785,2
3572,804786,2
3573,804786,2
3574,804787,2
3575,804787,2
3576,804788,2
3577,804788,2
3578,804789,2
3579,804789,2
3580,804790,2
3581,804790,2
3582,804791,2
3583,804791,2
3584,804792,2
3585,804792,2
3586,804793,2
3587,804793,2
3588,804794,2
3589,804794,2
3590,804795,2
3591,804795,2
3592,804796,2
3593,804796,2
3594,804797,2
3595,804797,2
3596,804798,2
3597,804798,2
3598,804799,2
3599,804799,2
3600,804800,2
3601,804800,2
3602,804801,2
3603,804801,2
3604,804802,2
3605,804802,2
3606,804803,2
3607,804803,2
3608,804804,2
3609,804804,2
3610,804805,2
3611,804805,2
3612,804806,2
3613,804806,2
3614,804807,2
3615,804807,2
3616,804808,2
3617,804808,2
3618,804809,2
3619,804809,2
3620,804810,2
3621,804810,2
3622,804811,2
3623,804811,2
3624,804812,2
3625,804812,2
3626,804813,2
3627,804813,2
3628,804814,2
3629,804814,2
3630,804815,2
3631,804815,2
3632,804816,2
3633,804816,2
3634,804817,2
3635,804817,2
3636,804818,2
3637,804818,2
3638,804819,2
3639,804819,2
3640,804820,2
3641,804820,2
3642,804821,2
3643,804821,2
3644,804822,2
3645,804822,2
3646,804823,2
3647,804823,2
3648,804824,2
3649,804824,2
3650,804825,2
3651,804825,2
3652,804826,2
3653,804826,2
3654,804827,2
3655,804827,2
3656,804828,2
3657,804828,2
3658,804829,2
3659,804829,2
3660,804830,2
3661,804830,2
3662,804831,2
3663,804831,2
3664,804832,2
3665,804832,2
3666,804833,2
3667,804833,2
3668,804834,2
3669,804834,2
3670,804835,2
3671,804835,2
3672,804836,2
3673,804836,2
3674,804837,2
3675,804837,2
3676,804838,2
3677,804838,2
3678,804839,2
3679,804839,2
3680,804840,2
3681,804840,2
3682,804841,2
3683,804841,2
3684,804842,2
3685,804842,2
3686,804843,2
3687,804843,2
3688,804844,2
3689,804844,2
3690,804845,2
3691,804845,2
3692,804846,2
3693,804846,2
3694,804847,2
3695,804847,2
3696,804848,2
3697,804848,2
3698,804849,2
3699,804849,2
3700,804850,2
3701,804850,2
3702,804851,2
3703,804851,2
3704,804852,2
3705,804852,2
3706,804853,2
3707,804853,2
3708,804854,2
3709,804854,2
3710,804855,2
3711,804855,2
3712,804856,2
3713,804856,2
3714,804857,2
3715,804857,2
3716,804858,2
3717,804858,2
3718,804859,2
3719,804859,2
3720,804860,2
3721,804860,2
3722,804861,2
3723,804861,2
3724,804862,2
3725,804862,2
3726,804863,2
3727,804863,2
3728,804864,2
3729,804864,2
3730,804865,2
3731,804865,2
3732,804866,2
3733,804866,2
3734,804867,2
3735,804867,2
3736,804868,2
3737,804868,2
3738,804869,2
3739,804869,2
3740,804870,2
3741,804870,2
3742,804871,2
3743,804871,2
3744,804872,2
3745,804872,2
3746,804873,2
3747,804873,2
3748,804874,2
3749,804874,2
3750,804875,2
3751,804875,2
3752,804876,2
3753,804876,2
3754,804877,2
3755,804877,2
3756,804878,2
3757,804878,2
3758,804879,2
3759,804879,2
3760,804880,2
3761,804880,2
3762,804881,2
3763,804881,2
3764,804882,2
3765,804882,2
3766,804883,2
3767,804883,2
3768,804884,2
3769,804884,2
3770,804885,2
3771,804885,2
3772,804886,2
3773,804886,2
3774,804887,2
3775,804887,2
3776,804888,2
3777,804888,2
3778,804889,2
3779,804889,2
3780,804890,2
3781,804890,2
3782,804891,2
3783,804891,2
3784,804892,2
3785,804892,2
3786,804893,2
3787,804893,2
3788,804894,2
3789,804894,2
3790,804895,2
3791,804895,2
3792,804896,2
3793,804896,2
3794,804897,2
3795,804897,2
3796,804898,2
3797,804898,2
3798,804899,2
3799,804899,2
3800,804900,2
3801,804900,2
3802,804901,2
3803,804901,2
3804,804902,2
3805,804902,2
3806,804903,2
3807,804903,2
3808,804904,2
3809,804904,2
3810,804905,2
3811,804905,2
3812,804906,2
3813,804906,2
3814,804907,2
3815,804907,2
3816,804908,2
3817,804908,2
3818,804909,2
3819,804909,2
3820,804910,2
3821,804910,2
3822,804911,2
3823,804911,2
3824,804912,2
3825,804912,2
3826,804913,2
3827,804913,2
3828,804914,2
3829,804914,2
3830,804915,2
3831,804915,2
3832,804916,2
3833,804916,2
3834,804917,2
3835,804917,2
3836,804918,2
3837,804918,2
3838,804919,2
3839,804919,2
3840,804920,2
3841,804920,2
3842,804921,2
3843,804921,2
3844,804922,2
3845,804922,2
3846,804923,2
3847,804923,2
3848,804924,2
3849,804924,2
3850,804925,2
3851,804925,2
3852,804926,2
3853,804926,2
3854,804927,2
3855,804927,2
3856,804928,2
3857,804928,2
3858,804929,2
3859,804929,2
3860,804930,2
3861,804930,2
3862,804931,2
3863,804931,2
3864,804932,2
3865,804932,2
3866,804933,2
3867,804933,2
3868,804934,2
3869,804934,2
3870,804935,2
3871,804935,2
3872,804936,2
3873,804936,2
3874,804937,2
3875,804937,2
3876,804938,2
3877,804938,2
3878,804939,2
3879,804939,2
3880,804940,2
3881,804940,2
3882,804941,2
3883,804941,2
3884,804942,2
3885,804942,2
3886,804943,2
3887,804943,2
3888,804944,2
3889,804944,2
3890,804945,2
3891,804945,2
3892,804946,2
3893,804946,2
3894,804947,2
3895,804947,2
3896,804948,2
3897,804948,2
3898,804949,2
3899,804949,2
3900,804950,2
3901,804950,2
3902,804951,2
3903,804951,2
3904,804952,2
3905,804952,2
3906,804953,2
3907,804953,2
3908,804954,2
3909,804954,2
3910,804955,2
3911,804955,2
3912,804956,2
3913,804956,2
3914,804957,2
3915,804957,2
3916,804958,2
3917,804958,2
3918,804959,2
3919,804959,2
3920,804960,2
3921,804960,2
3922,804961,2
3923,804961,2
3924,804962,2
3925,804962,2
3926,804963,2
3927,804963,2
3928,804964,2
3929,804964,2
3930,804965,2
3931,804965,2
3932,804966,2
3933,804966,2
3934,804967,2
3935,804967,2
3936,804968,2
3937,804968,2
3938,804969,2
3939,804969,2
3940,804970,2
3941,804970,2
3942,804971,2
3943,804971,2
3944,804972,2
3945,804972,2
3946,804973,2
3947,804973,2
3948,804974,2
3949,804974,2
3950,804975,2
3951,804975,2
3952,804976,2
3953,804976,2
3954,804977,2
3955,804977,2
3956,804978,2
3957,804978,2
3958,804979,2
3959,804979,2
3960,804980,2
3961,804980,2
3962,804981,2
3963,804981,2
3964,804982,2
3965,804982,2
3966,804983,2
3967,804983,2
3968,804984,2
3969,804984,2
3970,804985,2
3971,804985,2
3972,804986,2
3973,804986,2
3974,804987,2
3975,804987,2
3976,804988,2
3977,804988,2
3978,804989,2
3979,804989,2
3980,804990,2
3981,804990,2
3982,804991,2
3983,804991,2
3984,804992,2
3985,804992,2
3986,804993,2
3987,804993,2
3988,804994,2
3989,804994,2
3990,804995,2
3991,804995,2
3992,804996,2
3993,804996,2
3994,804997,2
3995,804997,2
3996,804998,2
3997,804998,2
3998,804999,2
3999,804999,2
4000,805000,2
4001,805000,2
4002,805001,2
4003,805001,2
4004,805002,2
4005,805002,2
4006,805003,2
4007,805003,2
4008,805004,2
4009,805004,2
4010,805005,2
4011,805005,2
4012,805006,2
4013,805006,2
4014,805007,2
4015,805007,2
4016,805008,2
4017,805008,2
4018,805009,2
4019,805009,2
4020,805010,2
4021,805010,2
4022,805011,2
4023,805011,2
4024,805012,2
4025,805012,2
4026,805013,2
4027,805013,2
4028,805014,2
4029,805014,2
4030,805015,2
4031,805015,2
4032,805016,2
4033,805016,2
4034,805017,2
4035,805017,2
4036,805018,2
4037,805018,2
4038,805019,2
4039,805019,2
4040,805020,2
4041,805020,2
4042,805021,2
4043,805021,2
4044,805022,2
4045,805022,2
4046,805023,2
4047,805023,2
4048,805024,2
4049,805024,2
4050,805025,2
4051,805025,2
4052,805026,2
4053,805026,2
4054,805027,2
4055,805027,2
4056,805028,2
4057,805028,2
4058,805029,2
4059,805029,2
4060,805030,2
4061,805030,2
4062,805031,2
4063,805031,2
4064,805032,2
4065,805032,2
4066,805033,2
4067,805033,2
4068,805034,2
4069,805034,2
4070,805035,2
4071,805035,2
4072,805036,2
4073,805036,2
4074,805037,2
4075,805037,2
4076,805038,2
4077,805038,2
4078,805039,2
4079,805039,2
4080,805040,2
4081,805040,2
4082,805041,2
4083,805041,2
4084,805042,2
4085,805042,2
4086,805043,2
4087,805043,2
4088,805044,2
4089,805044,2
4090,805045,2
4091,805045,2
4092,805046,2
4093,805046,2
4094,805047,2
4095,805047,2
4096,805048,2
4097,805048,2
4098,805049,2
4099,805049,2
4100,805050,2
4101,805050,2
4102,805051,2
4103,805051,2
4104,805052,2
4105,805052,2
4106,805053,2
4107,805053,2
4108,805054,2
4109,805054,2
4110,805055,2
4111,805055,2
4112,805056,2
4113,805056,2
4114,805057,2
4115,805057,2
4116,805058,2
4117,805058,2
4118,805059,2
4119,805059,2
4120,805060,2
4121,805060,2
4122,805061,2
4123,805061,2
4124,805062,2
4125,805062,2
4126,805063,2
4127,805063,2
4128,805064,2
4129,805064,2
4130,805065,2
4131,805065,2
4132,805066,2
4133,805066,2
4134,805067,2
4135,805067,2
4136,805068,2
4137,805068,2
4138,805069,2
4139,805069,2
4140,805070,2
4141,805070,2
4142,805071,2
4143,805071,2
4144,805072,2
4145,805072,2
4146,805073,2
4147,805073,2
4148,805074,2
4149,805074,2
4150,805075,2
4151,805075,2
4152,805076,2
4153,805076,2
4154,805077,2
4155,805077,2
4156,805078,2
4157,805078,2
4158,805079,2
4159,805079,2
4160,805080,2
4161,805080,2
4162,805081,2
4163,805081,2
4164,805082,2
4165,805082,2
4166,805083,2
4167,805083,2
4168,805084,2
4169,805084,2
4170,805085,2
4171,805085,2
4172,805086,2
4173,805086,2
4174,805087,2
4175,805087,2
4176,805088,2
4177,805088,2
4178,805089,2
4179,805089,2
4180,805090,2
4181,805090,2
4182,805091,2
4183,805091,2
4184,805092,2
4185,805092,2
4186,805093,2
4187,805093,2
4188,805094,2
4189,805094,2
4190,805095,2
4191,805095,2
4192,805096,2
4193,805096,2
4194,805097,2
4195,805097,2
4196,805098,2
4197,805098,2
4198,805099,2
4199,805099,2
4200,805100,2
4201,805100,2
4202,805101,2
4203,805101,2
4204,805102,2
4205,805102,2
4206,805103,2
4207,805103,2
4208,805104,2
4209,805104,2
4210,805105,2
4211,805105,2
4212,805106,2
4213,805106,2
4214,805107,2
4215,805107,2
4216,805108,2
4217,805108,2
4218,805109,2
4219,805109,2
4220,805110,2
4221,805110,2
4222,805111,2
4223,805111,2
4224,805112,2
4225,805112,2
4226,805113,2
4227,805113,2
4228,805114,2
4229,805114,2
4230,805115,2
4231,805115,2
4232,805116,2
4233,805116,2
4234,805117,2
4235,805117,2
4236,805118,2
4237,805118,2
4238,805119,2
4239,805119,2
4240,805120,2
4241,805120,2
4242,805121,2
4243,805121,2
4244,805122,2
4245,805122,2
4246,805123,2
4247,805123,2
4248,805124,2
4249,805124,2
4250,805125,2
4251,805125,2
4252,805126,2
4253,805126,2
4254,805127,2
4255,805127,2
4256,805128,2
4257,805128,2
4258,805129,2
4259,805129,2
4260,805130,2
4261,805130,2
4262,805131,2
4263,805131,2
4264,805132,2
4265,805132,2
4266,805133,2
4267,805133,2
4268,805134,2
4269,805134,2
4270,805135,2
4271,805135,2
4272,805136,2
4273,805136,2
4274,805137,2
4275,805137,2
4276,805138,2
4277,805138,2
4278,805139,2
4279,805139,2
4280,805140,2
4281,805140,2
4282,805141,2
4283,805141,2
4284,805142,2
4285,805142,2
4286,805143,2
4287,805143,2
4288,805144,2
4289,805144,2
4290,805145,2
4291,805145,2
4292,805146,2
4293,805146,2
4294,805147,2
4295,805147,2
4296,805148,2
4297,805148,2
4298,805149,2
4299,805149,2
4300,805150,2
4301,805150,2
4302,805151,2
4303,805151,2
4304,805152,2
4305,805152,2
4306,805153,2
4307,805153,2
4308,805154,2
4309,805154,2
4310,805155,2
4311,805155,2
4312,805156,2
4313,805156,2
4314,805157,2
4315,805157,2
4316,805158,2
4317,805158,2
4318,805159,2
4319,805159,2
4320,805160,2
4321,805160,2
4322,805161,2
4323,805161,2
4324,805162,2
4325,805162,2
4326,805163,2
4327,805163,2
4328,805164,2
4329,805164,2
4330,805165,2
4331,805165,2
4332,805166,2
4333,805166,2
4334,805167,2
4335,805167,2
4336,805168,2
4337,805168,2
4338,805169,2
4339,805169,2
4340,805170,2
4341,805170,2
4342,805171,2
4343,805171,2
4344,805172,2
4345,805172,2
4346,805173,2
4347,805173,2
4348,805174,2
4349,805174,2
4350,805175,2
4351,805175,2
4352,805176,2
4353,805176,2
4354,805177,2
4355,805177,2
4356,805178,2
4357,805178,2
4358,805179,2
4359,805179,2
4360,805180,2
4361,805180,2
4362,805181,2
4363,805181,2
4364,805182,2
4365,805182,2
4366,805183,2
4367,805183,2
4368,805184,2
4369,805184,2
4370,805185,2
4371,805185,2
4372,805186,2
4373,805186,2
4374,805187,2
4375,805187,2
4376,805188,2
4377,805188,2
4378,805189,2
4379,805189,2
4380,805190,2
4381,805190,2
4382,805191,2
4383,805191,2
4384,805192,2
4385,805192,2
4386,805193,2
4387,805193,2
4388,805194,2
4389,805194,2
4390,805195,2
4391,805195,2
4392,805196,2
4393,805196,2
4394,805197,2
4395,805197,2
4396,805198,2
4397,805198,2
4398,805199,2
4399,805199,2
4400,805200,2
4401,805200,2
4402,805201,2
4403,805201,2
4404,805202,2
4405,805202,2
4406,805203,2
4407,805203,2
4408,805204,2
4409,805204,2
4410,805205,2
4411,805205,2
4412,805206,2
4413,805206,2
4414,805207,2
4415,805207,2
4416,805208,2
4417,805208,2
4418,805209,2
4419,805209,2
4420,805210,2
4421,805210,2
4422,805211,2
4423,805211,2
4424,805212,2
4425,805212,2
4426,805213,2
4427,805213,2
4428,805214,2
4429,805214,2
4430,805215,2
4431,805215,2
4432,805216,2
4433,805216,2
4434,805217,2
4435,805217,2
4436,805218,2
4437,805218,2
4438,805219,2
4439,805219,2
4440,805220,2
4441,805220,2
4442,805221,2
4443,805221,2
4444,805222,2
4445,805222,2
4446,805223,2
4447,805223,2
4448,805224,2
4449,805224,2
4450,805225,2
4451,805225,2
4452,805226,2
4453,805226,2
4454,805227,2
4455,805227,2
4456,805228,2
4457,805228,2
4458,805229,2
4459,805229,2
4460,805230,2
4461,805230,2
4462,805231,2
4463,805231,2
4464,805232,2
4465,805232,2
4466,805233,2
4467,805233,2
4468,805234,2
4469,805234,2
4470,805235,2
4471,805235,2
4472,805236,2
4473,805236,2
4474,805237,2
4475,805237,2
4476,805238,2
4477,805238,2
4478,805239,2
4479,805239,2
4480,805240,2
4481,805240,2
4482,805241,2
4483,805241,2
4484,805242,2
4485,805242,2
4486,805243,2
4487,805243,2
4488,805244,2
4489,805244,2
4490,805245,2
4491,805245,2
4492,805246,2
4493,805246,2
4494,805247,2
4495,805247,2
4496,805248,2
4497,805248,2
4498,805249,2
4499,805249,2
4500,805250,2
4501,805250,2
4502,805251,2
4503,805251,2
4504,805252,2
4505,805252,2
4506,805253,2
4507,805253,2
4508,805254,2
4509,805254,2
4510,805255,2
4511,805255,2
4512,805256,2
4513,805256,2
4514,805257,2
4515,805257,2
4516,805258,2
4517,805258,2
4518,805259,2
4519,805259,2
4520,805260,2
4521,805260,2
4522,805261,2
4523,805261,2
4524,805262,2
4525,805262,2
4526,805263,2
4527,805263,2
4528,805264,2
4529,805264,2
4530,805265,2
4531,805265,2
4532,805266,2
4533,805266,2
4534,805267,2
4535,805267,2
4536,805268,2
4537,805268,2
4538,805269,2
4539,805269,2
4540,805270,2
4541,805270,2
4542,805271,2
4543,805271,2
4544,805272,2
4545,805272,2
4546,805273,2
4547,805273,2
4548,805274,2
4549,805274,2
4550,805275,2
4551,805275,2
4552,805276,2
4553,805276,2
4554,805277,2
4555,805277,2
4556,805278,2
4557,805278,2
4558,805279,2
4559,805279,2
4560,805280,2
4561,805280,2
4562,805281,2
4563,805281,2
4564,805282,2
4565,805282,2
4566,805283,2
4567,805283,2
4568,805284,2
4569,805284,2
4570,805285,2
4571,805285,2
4572,805286,2
4573,805286,2
4574,805287,2
4575,805287,2
4576,805288,2
4577,805288,2
4578,805289,2
4579,805289,2
4580,805290,2
4581,805290,2
4582,805291,2
4583,805291,2
4584,805292,2
4585,805292,2
4586,805293,2
4587,805293,2
4588,805294,2
4589,805294,2
4590,805295,2
4591,805295,2
4592,805296,2
4593,805296,2
4594,805297,2
4595,805297,2
4596,805298,2
4597,805298,2
4598,805299,2
4599,805299,2
4600,805300,2
4601,805300,2
4602,805301,2
4603,805301,2
4604,805302,2
4605,805302,2
4606,805303,2
4607,805303,2
4608,805304,2
4609,805304,2
4610,805305,2
4611,805305,2
4612,805306,2
4613,805306,2
4614,805307,2
4615,805307,2
4616,805308,2
4617,805308,2
4618,805309,2
4619,805309,2
4620,805310,2
4621,805310,2
4622,805311,2
4623,805311,2
4624,805312,2
4625,805312,2
4626,805313,2
4627,805313,2
4628,805314,2
4629,805314,2
4630,805315,2
4631,805315,2
4632,805316,2
4633,805316,2
4634,805317,2
4635,805317,2
4636,805318,2
4637,805318,2
4638,805319,2
4639,805319,2
4640,805320,2
4641,805320,2
4642,805321,2
4643,805321,2
4644,805322,2
4645,805322,2
4646,805323,2
4647,805323,2
4648,805324,2
4649,805324,2
4650,805325,2
4651,805325,2
4652,805326,2
4653,805326,2
4654,805327,2
4655,805327,2
4656,805328,2
4657,805328,2
4658,805329,2
4659,805329,2
4660,805330,2
4661,805330,2
4662,805331,2
4663,805331,2
4664,805332,2
4665,805332,2
4666,805333,2
4667,805333,2
4668,805334,2
4669,805334,2
4670,805335,2
4671,805335,2
4672,805336,2
4673,805336,2
4674,805337,2
4675,805337,2
4676,805338,2
4677,805338,2
4678,805339,2
4679,805339,2
4680,805340,2
4681,805340,2
4682,805341,2
4683,805341,2
4684,805342,2
4685,805342,2
4686,805343,2
4687,805343,2
4688,805344,2
4689,805344,2
4690,805345,2
4691,805345,2
4692,805346,2
4693,805346,2
4694,805347,2
4695,805347,2
4696,805348,2
4697,805348,2
4698,805349,2
4699,805349,2
4700,805350,2
4701,805350,2
4702,805351,2
4703,805351,2
4704,805352,2
4705,805352,2
4706,805353,2
4707,805353,2
4708,805354,2
4709,805354,2
4710,805355,2
4711,805355,2
4712,805356,2
4713,805356,2
4714,805357,2
4715,805357,2
4716,805358,2
4717,805358,2
4718,805359,2
4719,805359,2
4720,805360,2
4721,805360,2
4722,805361,2
4723,805361,2
4724,805362,2
4725,805362,2
4726,805363,2
4727,805363,2
4728,805364,2
4729,805364,2
4730,805365,2
4731,805365,2
4732,805366,2
4733,805366,2
4734,805367,2
4735,805367,2
4736,805368,2
4737,805368,2
4738,805369,2
4739,805369,2
4740,805370,2
4741,805370,2
4742,805371,2
4743,805371,2
4744,805372,2
4745,805372,2
4746,805373,2
4747,805373,2
4748,805374,2
4749,805374,2
4750,805375,2
4751,805375,2
4752,805376,2
4753,805376,2
4754,805377,2
4755,805377,2
4756,805378,2
4757,805378,2
4758,805379,2
4759,805379,2
4760,805380,2
4761,805380,2
4762,805381,2
4763,805381,2
4764,805382,2
4765,805382,2
4766,805383,2
4767,805383,2
4768,805384,2
4769,805384,2
4770,805385,2
4771,805385,2
4772,805386,2
4773,805386,2
4774,805387,2
4775,805387,2
4776,805388,2
4777,805388,2
4778,805389,2
4779,805389,2
4780,805390,2
4781,805390,2
4782,805391,2
4783,805391,2
4784,805392,2
4785,805392,2
4786,805393,2
4787,805393,2
4788,805394,2
4789,805394,2
4790,805395,2
4791,805395,2
4792,805396,2
4793,805396,2
4794,805397,2
4795,805397,2
4796,805398,2
4797,805398,2
4798,805399,2
4799,805399,2
4800,805400,2
4801,805400,2
4802,805401,2
4803,805401,2
4804,805402,2
4805,805402,2
4806,805403,2
4807,805403,2
4808,805404,2
4809,805404,2
4810,805405,2
4811,805405,2
4812,805406,2
4813,805406,2
4814,805407,2
4815,805407,2
4816,805408,2
4817,805408,2
4818,805409,2
4819,805409,2
4820,805410,2
4821,805410,2
4822,805411,2
4823,805411,2
4824,805412,2
4825,805412,2
4826,805413,2
4827,805413,2
4828,805414,2
4829,805414,2
4830,805415,2
4831,805415,2
4832,805416,2
4833,805416,2
4834,805417,2
4835,805417,2
4836,805418,2
4837,805418,2
4838,805419,2
4839,805419,2
4840,805420,2
4841,805420,2
4842,805421,2
4843,805421,2
4844,805422,2
4845,805422,2
4846,805423,2
4847,805423,2
4848,805424,2
4849,805424,2
4850,805425,2
4851,805425,2
4852,805426,2
4853,805426,2
4854,805427,2
4855,805427,2
4856,805428,2
4857,805428,2
4858,805429,2
4859,805429,2
4860,805430,2
4861,805430,2
4862,805431,2
4863,805431,2
4864,805432,2
4865,805432,2
4866,805433,2
4867,805433,2
4868,805434,2
4869,805434,2
4870,805435,2
4871,805435,2
4872,805436,2
4873,805436,2
4874,805437,2
4875,805437,2
4876,805438,2
4877,805438,2
4878,805439,2
4879,805439,2
4880,805440,2
4881,805440,2
4882,805441,2
4883,805441,2
4884,805442,2
4885,805442,2
4886,805443,2
4887,805443,2
4888,805444,2
4889,805444,2
4890,805445,2
4891,805445,2
4892,805446,2
4893,805446,2
4894,805447,2
4895,805447,2
4896,805448,2
4897,805448,2
4898,805449,2
4899,805449,2
4900,805450,2
4901,805450,2
4902,805451,2
4903,805451,2
4904,805452,2
4905,805452,2
4906,805453,2
4907,805453,2
4908,805454,2
4909,805454,2
4910,805455,2
4911,805455,2
4912,805456,2
4913,805456,2
4914,805457,2
4915,805457,2
4916,805458,2
4917,805458,2
4918,805459,2
4919,805459,2
4920,805460,2
4921,805460,2
4922,805461,2
4923,805461,2
4924,805462,2
4925,805462,2
4926,805463,2
4927,805463,2
4928,805464,2
4929,805464,2
4930,805465,2
4931,805465,2
4932,805466,2
4933,805466,2
4934,805467,2
4935,805467,2
4936,805468,2
4937,805468,2
4938,805469,2
4939,805469,2
4940,805470,2
4941,805470,2
4942,805471,2
4943,805471,2
4944,805472,2
4945,805472,2
4946,805473,2
4947,805473,2
4948,805474,2
4949,805474,2
4950,805475,2
4951,805475,2
4952,805476,2
4953,805476,2
4954,805477,2
4955,805477,2
4956,805478,2
4957,805478,2
4958,805479,2
4959,805479,2
4960,805480,2
4961,805480,2
4962,805481,2
4963,805481,2
4964,805482,2
4965,805482,2
4966,805483,2
4967,805483,2
4968,805484,2
4969,805484,2
4970,805485,2
4971,805485,2
4972,805486,2
4973,805486,2
4974,805487,2
4975,805487,2
4976,805488,2
4977,805488,2
4978,805489,2
4979,805489,2
4980,805490,2
4981,805490,2
4982,805491,2
4983,805491,2
4984,805492,2
4985,805492,2
4986,805493,2
4987,805493,2
4988,805494,2
4989,805494,2
4990,805495,2
4991,805495,2
4992,805496,2
4993,805496,2
4994,805497,2
4995,805497,2
4996,805498,2
4997,805498,2
4998,805499,2
4999,805499,2
5000,805500,2
5001,805500,2
5002,805501,2
5003,805501,2
5004,805502,2
5005,805502,2
5006,805503,2
5007,805503,2
5008,805504,2
5009,805504,2
5010,805505,2
5011,805505,2
5012,805506,2
5013,805506,2
5014,805507,2
5015,805507,2
5016,805508,2
5017,805508,2
5018,805509,2
5019,805509,2
5020,805510,2
5021,805510,2
5022,805511,2
5023,805511,2
5024,805512,2
5025,805512,2
5026,805513,2
5027,805513,2
5028,805514,2
5029,805514,2
5030,805515,2
5031,805515,2
5032,805516,2
5033,805516,2
5034,805517,2
5035,805517,2
5036,805518,2
5037,805518,2
5038,805519,2
5039,805519,2
5040,805520,2
5041,805520,2
5042,805521,2
5043,805521,2
5044,805522,2
5045,805522,2
5046,805523,2
5047,805523,2
5048,805524,2
5049,805524,2
5050,805525,2
5051,805525,2
5052,805526,2
5053,805526,2
5054,805527,2
5055,805527,2
5056,805528,2
5057,805528,2
5058,805529,2
5059,805529,2
5060,805530,2
5061,805530,2
5062,805531,2
5063,805531,2
5064,805532,2
5065,805532,2
5066,805533,2
5067,805533,2
5068,805534,2
5069,805534,2
5070,805535,2
5071,805535,2
5072,805536,2
5073,805536,2
5074,805537,2
5075,805537,2
5076,805538,2
5077,805538,2
5078,805539,2
5079,805539,2
5080,805540,2
5081,805540,2
5082,805541,2
5083,805541,2
5084,805542,2
5085,805542,2
5086,805543,2
5087,805543,2
5088,805544,2
5089,805544,2
5090,805545,2
5091,805545,2
5092,805546,2
5093,805546,2
5094,805547,2
5095,805547,2
5096,805548,2
5097,805548,2
5098,805549,2
5099,805549,2
5100,805550,2
5101,805550,2
5102,805551,2
5103,805551,2
5104,805552,2
5105,805552,2
5106,805553,2
5107,805553,2
5108,805554,2
5109,805554,2
5110,805555,2
5111,805555,2
5112,805556,2
5113,805556,2
5114,805557,2
5115,805557,2
5116,805558,2
5117,805558,2
5118,805559,2
5119,805559,2
5120,805560,2
5121,805560,2
5122,805561,2
5123,805561,2
5124,805562,2
5125,805562,2
5126,805563,2
5127,805563,2
5128,805564,2
5129,805564,2
5130,805565,2
5131,805565,2
5132,805566,2
5133,805566,2
5134,805567,2
5135,805567,2
5136,805568,2
5137,805568,2
5138,805569,2
5139,805569,2
5140,805570,2
5141,805570,2
5142,805571,2
5143,805571,2
5144,805572,2
5145,805572,2
5146,805573,2
5147,805573,2
5148,805574,2
5149,805574,2
5150,805575,2
5151,805575,2
5152,805576,2
5153,805576,2
5154,805577,2
5155,805577,2
5156,805578,2
5157,805578,2
5158,805579,2
5159,805579,2
5160,805580,2
5161,805580,2
5162,805581,2
5163,805581,2
5164,805582,2
5165,805582,2
5166,805583,2
5167,805583,2
5168,805584,2
5169,805584,2
5170,805585,2
5171,805585,2
5172,805586,2
5173,805586,2
5174,805587,2
5175,805587,2
5176,805588,2
5177,805588,2
5178,805589,2
5179,805589,2
5180,805590,2
5181,805590,2
5182,805591,2
5183,805591,2
5184,805592,2
5185,805592,2
5186,805593,2
5187,805593,2
5188,805594,2
5189,805594,2
5190,805595,2
5191,805595,2
5192,805596,2
5193,805596,2
5194,805597,2
5195,805597,2
5196,805598,2
5197,805598,2
5198,805599,2
5199,805599,2
5200,805600,2
5201,805600,2
5202,805601,2
5203,805601,2
5204,805602,2
5205,805602,2
5206,805603,2
5207,805603,2
5208,805604,2
5209,805604,2
5210,805605,2
5211,805605,2
5212,805606,2
5213,805606,2
5214,805607,2
5215,805607,2
5216,805608,2
5217,805608,2
5218,805609,2
5219,805609,2
5220,805610,2
5221,805610,2
5222,805611,2
5223,805611,2
5224,805612,2
5225,805612,2
5226,805613,2
5227,805613,2
5228,805614,2
5229,805614,2
5230,805615,2
5231,805615,2
5232,805616,2
5233,805616,2
5234,805617,2
5235,805617,2
5236,805618,2
5237,805618,2
5238,805619,2
5239,805619,2
5240,805620,2
5241,805620,2
5242,805621,2
5243,805621,2
5244,805622,2
5245,805622,2
5246,805623,2
5247,805623,2
5248,805624,2
5249,805624,2
5250,805625,2
5251,805625,2
5252,805626,2
5253,805626,2
5254,805627,2
5255,805627,2
5256,805628,2
5257,805628,2
5258,805629,2
5259,805629,2
5260,805630,2
5261,805630,2
5262,805631,2
5263,805631,2
5264,805632,2
5265,805632,2
5266,805633,2
5267,805633,2
5268,805634,2
5269,805634,2
5270,805635,2
5271,805635,2
5272,805636,2
5273,805636,2
5274,805637,2
5275,805637,2
5276,805638,2
5277,805638,2
5278,805639,2
5279,805639,2
5280,805640,2
5281,805640,2
5282,805641,2
5283,805641,2
5284,805642,2
5285,805642,2
5286,805643,2
5287,805643,2
5288,805644,2
5289,805644,2
5290,805645,2
5291,805645,2
5292,805646,2
5293,805646,2
5294,805647,2
5295,805647,2
5296,805648,2
5297,805648,2
5298,805649,2
5299,805649,2
5300,805650,2
5301,805650,2
5302,805651,2
5303,805651,2
5304,805652,2
5305,805652,2
5306,805653,2
5307,805653,2
5308,805654,2
5309,805654,2
5310,805655,2
5311,805655,2
5312,805656,2
5313,805656,2
5314,805657,2
5315,805657,2
5316,805658,2
5317,805658,2
5318,805659,2
5319,805659,2
5320,805660,2
5321,805660,2
5322,805661,2
5323,805661,2
5324,805662,2
5325,805662,2
5326,805663,2
5327,805663,2
5328,805664,2
5329,805664,2
5330,805665,2
5331,805665,2
5332,805666,2
5333,805666,2
5334,805667,2
5335,805667,2
5336,805668,2
5337,805668,2
5338,805669,2
5339,805669,2
5340,805670,2
5341,805670,2
5342,805671,2
5343,805671,2
5344,805672,2
5345,805672,2
5346,805673,2
5347,805673,2
5348,805674,2
5349,805674,2
5350,805675,2
5351,805675,2
5352,805676,2
5353,805676,2
5354,805677,2
5355,805677,2
5356,805678,2
5357,805678,2
5358,805679,2
5359,805679,2
5360,805680,2
5361,805680,2
5362,805681,2
5363,805681,2
5364,805682,2
5365,805682,2
5366,805683,2
5367,805683,2
5368,805684,2
5369,805684,2
5370,805685,2
5371,805685,2
5372,805686,2
5373,805686,2
5374,805687,2
5375,805687,2
5376,805688,2
5377,805688,2
5378,805689,2
5379,805689,2
5380,805690,2
5381,805690,2
5382,805691,2
5383,805691,2
5384,805692,2
5385,805692,2
5386,805693,2
5387,805693,2
5388,805694,2
5389,805694,2
5390,805695,2
5391,805695,2
5392,805696,2
5393,805696,2
5394,805697,2
5395,805697,2
5396,805698,2
5397,805698,2
5398,805699,2
5399,805699,2
5400,805700,2
5401,805700,2
5402,805701,2
5403,805701,2
5404,805702,2
5405,805702,2
5406,805703,2
5407,805703,2
5408,805704,2
5409,805704,2
5410,805705,2
5411,805705,2
5412,805706,2
5413,805706,2
5414,805707,2
5415,805707,2
5416,805708,2
5417,805708,2
5418,805709,2
5419,805709,2
5420,805710,2
5421,805710,2
5422,805711,2
5423,805711,2
5424,805712,2
5425,805712,2
5426,805713,2
5427,805713,2
5428,805714,2
5429,805714,2
5430,805715,2
5431,805715,2
5432,805716,2
5433,805716,2
5434,805717,2
5435,805717,2
5436,805718,2
5437,805718,2
5438,805719,2
5439,805719,2
5440,805720,2
5441,805720,2
5442,805721,2
5443,805721,2
5444,805722,2
5445,805722,2
5446,805723,2
5447,805723,2
5448,805724,2
5449,805724,2
5450,805725,2
5451,805725,2
5452,805726,2
5453,805726,2
5454,805727,2
5455,805727,2
5456,805728,2
5457,805728,2
5458,805729,2
5459,805729,2
5460,805730,2
5461,805730,2
5462,805731,2
5463,805731,2
5464,805732,2
5465,805732,2
5466,805733,2
5467,805733,2
5468,805734,2
5469,805734,2
5470,805735,2
5471,805735,2
5472,805736,2
5473,805736,2
5474,805737,2
5475,805737,2
5476,805738,2
5477,805738,2
5478,805739,2
5479,805739,2
5480,805740,2
5481,805740,2
5482,805741,2
5483,805741,2
5484,805742,2
5485,805742,2
5486,805743,2
5487,805743,2
5488,805744,2
5489,805744,2
5490,805745,2
5491,805745,2
5492,805746,2
5493,805746,2
5494,805747,2
5495,805747,2
5496,805748,2
5497,805748,2
5498,805749,2
5499,805749,2
5500,805750,2
5501,805750,2
5502,805751,2
5503,805751,2
5504,805752,2
5505,805752,2
5506,805753,2
5507,805753,2
5508,805754,2
5509,805754,2
5510,805755,2
5511,805755,2
5512,805756,2
5513,805756,2
5514,805757,2
5515,805757,2
5516,805758,2
5517,805758,2
5518,805759,2
5519,805759,2
5520,805760,2
5521,805760,2
5522,805761,2
5523,805761,2
5524,805762,2
5525,805762,2
5526,805763,2
5527,805763,2
5528,805764,2
5529,805764,2
5530,805765,2
5531,805765,2
5532,805766,2
5533,805766,2
5534,805767,2
5535,805767,2
5536,805768,2
5537,805768,2
5538,805769,2
5539,805769,2
5540,805770,2
5541,805770,2
5542,805771,2
5543,805771,2
5544,805772,2
5545,805772,2
5546,805773,2
5547,805773,2
5548,805774,2
5549,805774,2
5550,805775,2
5551,805775,2
5552,805776,2
5553,805776,2
5554,805777,2
5555,805777,2
5556,805778,2
5557,805778,2
5558,805779,2
5559,805779,2
5560,805780,2
5561,805780,2
5562,805781,2
5563,805781,2
5564,805782,2
5565,805782,2
5566,805783,2
5567,805783,2
5568,805784,2
5569,805784,2
5570,805785,2
5571,805785,2
5572,805786,2
5573,805786,2
5574,805787,2
5575,805787,2
5576,805788,2
5577,805788,2
5578,805789,2
5579,805789,2
5580,805790,2
5581,805790,2
5582,805791,2
5583,805791,2
5584,805792,2
5585,805792,2
5586,805793,2
5587,805793,2
5588,805794,2
5589,805794,2
5590,805795,2
5591,805795,2
5592,805796,2
5593,805796,2
5594,805797,2
5595,805797,2
5596,805798,2
5597,805798,2
5598,805799,2
5599,805799,2
5600,805800,2
5601,805800,2
5602,805801,2
5603,805801,2
5604,805802,2
5605,805802,2
5606,805803,2
5607,805803,2
5608,805804,2
5609,805804,2
5610,805805,2
5611,805805,2
5612,805806,2
5613,805806,2
5614,805807,2
5615,805807,2
5616,805808,2
5617,805808,2
5618,805809,2
5619,805809,2
5620,805810,2
5621,805810,2
5622,805811,2
5623,805811,2
5624,805812,2
5625,805812,2
5626,805813,2
5627,805813,2
5628,805814,2
5629,805814,2
5630,805815,2
5631,805815,2
5632,805816,2
5633,805816,2
5634,805817,2
5635,805817,2
5636,805818,2
5637,805818,2
5638,805819,2
5639,805819,2
5640,805820,2
5641,805820,2
5642,805821,2
5643,805821,2
5644,805822,2
5645,805822,2
5646,805823,2
5647,805823,2
5648,805824,2
5649,805824,2
5650,805825,2
5651,805825,2
5652,805826,2
5653,805826,2
5654,805827,2
5655,805827,2
5656,805828,2
5657,805828,2
5658,805829,2
5659,805829,2
5660,805830,2
5661,805830,2
5662,805831,2
5663,805831,2
5664,805832,2
5665,805832,2
5666,805833,2
5667,805833,2
5668,805834,2
5669,805834,2
5670,805835,2
5671,805835,2
5672,805836,2
5673,805836,2
5674,805837,2
5675,805837,2
5676,805838,2
5677,805838,2
5678,805839,2
5679,805839,2
5680,805840,2
5681,805840,2
5682,805841,2
5683,805841,2
5684,805842,2
5685,805842,2
5686,805843,2
5687,805843,2
5688,805844,2
5689,805844,2
5690,805845,2
5691,805845,2
5692,805846,2
5693,805846,2
5694,805847,2
5695,805847,2
5696,805848,2
5697,805848,2
5698,805849,2
5699,805849,2
5700,805850,2
5701,805850,2
5702,805851,2
5703,805851,2
5704,805852,2
5705,805852,2
5706,805853,2
5707,805853,2
5708,805854,2
5709,805854,2
5710,805855,2
5711,805855,2
5712,805856,2
5713,805856,2
5714,805857,2
5715,805857,2
5716,805858,2
5717,805858,2
5718,805859,2
5719,805859,2
5720,805860,2
5721,805860,2
5722,805861,2
5723,805861,2
5724,805862,2
5725,805862,2
5726,805863,2
5727,805863,2
5728,805864,2
5729,805864,2
5730,805865,2
5731,805865,2
5732,805866,2
5733,805866,2
5734,805867,2
5735,805867,2
5736,805868,2
5737,805868,2
5738,805869,2
5739,805869,2
5740,805870,2
5741,805870,2
5742,805871,2
5743,805871,2
5744,805872,2
5745,805872,2
5746,805873,2
5747,805873,2
5748,805874,2
5749,805874,2
5750,805875,2
5751,805875,2
5752,805876,2
5753,805876,2
5754,805877,2
5755,805877,2
5756,805878,2
5757,805878,2
5758,805879,2
5759,805879,2
5760,805880,2
5761,805880,2
5762,805881,2
5763,805881,2
5764,805882,2
5765,805882,2
5766,805883,2
5767,805883,2
5768,805884,2
5769,805884,2
5770,805885,2
5771,805885,2
5772,805886,2
5773,805886,2
5774,805887,2
5775,805887,2
5776,805888,2
5777,805888,2
5778,805889,2
5779,805889,2
5780,805890,2
5781,805890,2
5782,805891,2
5783,805891,2
5784,805892,2
5785,805892,2
5786,805893,2
5787,805893,2
5788,805894,2
5789,805894,2
5790,805895,2
5791,805895,2
5792,805896,2
5793,805896,2
5794,805897,2
5795,805897,2
5796,805898,2
5797,805898,2
5798,805899,2
5799,805899,2
5800,805900,2
5801,805900,2
5802,805901,2
5803,805901,2
5804,805902,2
5805,805902,2
5806,805903,2
5807,805903,2
5808,805904,2
5809,805904,2
5810,805905,2
5811,805905,2
5812,805906,2
5813,805906,2
5814,805907,2
5815,805907,2
5816,805908,2
5817,805908,2
5818,805909,2
5819,805909,2
5820,805910,2
5821,805910,2
5822,805911,2
5823,805911,2
5824,805912,2
5825,805912,2
5826,805913,2
5827,805913,2
5828,805914,2
5829,805914,2
5830,805915,2
5831,805915,2
5832,805916,2
5833,805916,2
5834,805917,2
5835,805917,2
5836,805918,2
5837,805918,2
5838,805919,2
5839,805919,2
5840,805920,2
5841,805920,2
5842,805921,2
5843,805921,2
5844,805922,2
5845,805922,2
5846,805923,2
5847,805923,2
5848,805924,2
5849,805924,2
5850,805925,2
5851,805925,2
5852,805926,2
5853,805926,2
5854,805927,2
5855,805927,2
5856,805928,2
5857,805928,2
5858,805929,2
5859,805929,2
5860,805930,2
5861,805930,2
5862,805931,2
5863,805931,2
5864,805932,2
5865,805932,2
5866,805933,2
5867,805933,2
5868,805934,2
5869,805934,2
5870,805935,2
5871,805935,2
5872,805936,2
5873,805936,2
5874,805937,2
5875,805937,2
5876,805938,2
5877,805938,2
5878,805939,2
5879,805939,2
5880,805940,2
5881,805940,2
5882,805941,2
5883,805941,2
5884,805942,2
5885,805942,2
5886,805943,2
5887,805943,2
5888,805944,2
5889,805944,2
5890,805945,2
5891,805945,2
5892,805946,2
5893,805946,2
5894,805947,2
5895,805947,2
5896,805948,2
5897,805948,2
5898,805949,2
5899,805949,2
5900,805950,2
5901,805950,2
5902,805951,2
5903,805951,2
5904,805952,2
5905,805952,2
5906,805953,2
5907,805953,2
5908,805954,2
5909,805954,2
5910,805955,2
5911,805955,2
5912,805956,2
5913,805956,2
5914,805957,2
5915,805957,2
5916,805958,2
5917,805958,2
5918,805959,2
5919,805959,2
5920,805960,2
5921,805960,2
5922,805961,2
5923,805961,2
5924,805962,2
5925,805962,2
5926,805963,2
5927,805963,2
5928,805964,2
5929,805964,2
5930,805965,2
5931,805965,2
5932,805966,2
5933,805966,2
5934,805967,2
5935,805967,2
5936,805968,2
5937,805968,2
5938,805969,2
5939,805969,2
5940,805970,2
5941,805970,2
5942,805971,2
5943,805971,2
5944,805972,2
5945,805972,2
5946,805973,2
5947,805973,2
5948,805974,2
5949,805974,2
5950,805975,2
5951,805975,2
5952,805976,2
5953,805976,2
5954,805977,2
5955,805977,2
5956,805978,2
5957,805978,2
5958,805979,2
5959,805979,2
5960,805980,2
5961,805980,2
5962,805981,2
5963,805981,2
5964,805982,2
5965,805982,2
5966,805983,2
5967,805983,2
5968,805984,2
5969,805984,2
5970,805985,2
5971,805985,2
5972,805986,2
5973,805986,2
5974,805987,2
5975,805987,2
5976,805988,2
5977,805988,2
5978,805989,2
5979,805989,2
5980,805990,2
5981,805990,2
5982,805991,2
5983,805991,2
5984,805992,2
5985,805992,2
5986,805993,2
5987,805993,2
5988,805994,2
5989,805994,2
5990,805995,2
5991,805995,2
5992,805996,2
5993,805996,2
5994,805997,2
5995,805997,2
5996,805998,2
5997,805998,2
5998,805999,2
5999,805999,2
6000,806000,2
6001,806000,2
6002,806001,2
6003,806001,2
6004,806002,2
6005,806002,2
6006,806003,2
6007,806003,2
6008,806004,2
6009,806004,2
6010,806005,2
6011,806005,2
6012,806006,2
6013,806006,2
6014,806007,2
6015,806007,2
6016,806008,2
6017,806008,2
6018,806009,2
6019,806009,2
6020,806010,2
6021,806010,2
6022,806011,2
6023,806011,2
6024,806012,2
6025,806012,2
6026,806013,2
6027,806013,2
6028,806014,2
6029,806014,2
6030,806015,2
6031,806015,2
6032,806016,2
6033,806016,2
6034,806017,2
6035,806017,2
6036,806018,2
6037,806018,2
6038,806019,2
6039,806019,2
6040,806020,2
6041,806020,2
6042,806021,2
6043,806021,2
6044,806022,2
6045,806022,2
6046,806023,2
6047,806023,2
6048,806024,2
6049,806024,2
6050,806025,2
6051,806025,2
6052,806026,2
6053,806026,2
6054,806027,2
6055,806027,2
6056,806028,2
6057,806028,2
6058,806029,2
6059,806029,2
6060,806030,2
6061,806030,2
6062,806031,2
6063,806031,2
6064,806032,2
6065,806032,2
6066,806033,2
6067,806033,2
6068,806034,2
6069,806034,2
6070,806035,2
6071,806035,2
6072,806036,2
6073,806036,2
6074,806037,2
6075,806037,2
6076,806038,2
6077,806038,2
6078,806039,2
6079,806039,2
6080,806040,2
6081,806040,2
6082,806041,2
6083,806041,2
6084,806042,2
6085,806042,2
6086,806043,2
6087,806043,2
6088,806044,2
6089,806044,2
6090,806045,2
6091,806045,2
6092,806046,2
6093,806046,2
6094,806047,2
6095,806047,2
6096,806048,2
6097,806048,2
6098,806049,2
6099,806049,2
6100,806050,2
6101,806050,2
6102,806051,2
6103,806051,2
6104,806052,2
6105,806052,2
6106,806053,2
6107,806053,2
6108,806054,2
6109,806054,2
6110,806055,2
6111,806055,2
6112,806056,2
6113,806056,2
6114,806057,2
6115,806057,2
6116,806058,2
6117,806058,2
6118,806059,2
6119,806059,2
6120,806060,2
6121,806060,2
6122,806061,2
6123,806061,2
6124,806062,2
6125,806062,2
6126,806063,2
6127,806063,2
6128,806064,2
6129,806064,2
6130,806065,2
6131,806065,2
6132,806066,2
6133,806066,2
6134,806067,2
6135,806067,2
6136,806068,2
6137,806068,2
6138,806069,2
6139,806069,2
6140,806070,2
6141,806070,2
6142,806071,2
6143,806071,2
6144,806072,2
6145,806072,2
6146,806073,2
6147,806073,2
6148,806074,2
6149,806074,2
6150,806075,2
6151,806075,2
6152,806076,2
6153,806076,2
6154,806077,2
6155,806077,2
6156,806078,2
6157,806078,2
6158,806079,2
6159,806079,2
6160,806080,2
6161,806080,2
6162,806081,2
6163,806081,2
6164,806082,2
6165,806082,2
6166,806083,2
6167,806083,2
6168,806084,2
6169,806084,2
6170,806085,2
6171,806085,2
6172,806086,2
6173,806086,2
6174,806087,2
6175,806087,2
6176,806088,2
6177,806088,2
6178,806089,2
6179,806089,2
6180,806090,2
6181,806090,2
6182,806091,2
6183,806091,2
6184,806092,2
6185,806092,2
6186,806093,2
6187,806093,2
6188,806094,2
6189,806094,2
6190,806095,2
6191,806095,2
6192,806096,2
6193,806096,2
6194,806097,2
6195,806097,2
6196,806098,2
6197,806098,2
6198,806099,2
6199,806099,2
6200,806100,2
6201,806100,2
6202,806101,2
6203,806101,2
6204,806102,2
6205,806102,2
6206,806103,2
6207,806103,2
6208,806104,2
6209,806104,2
6210,806105,2
6211,806105,2
6212,806106,2
6213,806106,2
6214,806107,2
6215,806107,2
6216,806108,2
6217,806108,2
6218,806109,2
6219,806109,2
6220,806110,2
6221,806110,2
6222,806111,2
6223,806111,2
6224,806112,2
6225,806112,2
6226,806113,2
6227,806113,2
6228,806114,2
6229,806114,2
6230,806115,2
6231,806115,2
6232,806116,2
6233,806116,2
6234,806117,2
6235,806117,2
6236,806118,2
6237,806118,2
6238,806119,2
6239,806119,2
6240,806120,2
6241,806120,2
6242,806121,2
6243,806121,2
6244,806122,2
6245,806122,2
6246,806123,2
6247,806123,2
6248,806124,2
6249,806124,2
6250,806125,2
6251,806125,2
6252,806126,2
6253,806126,2
6254,806127,2
6255,806127,2
6256,806128,2
6257,806128,2
6258,806129,2
6259,806129,2
6260,806130,2
6261,806130,2
6262,806131,2
6263,806131,2
6264,806132,2
6265,806132,2
6266,806133,2
6267,806133,2
6268,806134,2
6269,806134,2
6270,806135,2
6271,806135,2
6272,806136,2
6273,806136,2
6274,806137,2
6275,806137,2
6276,806138,2
6277,806138,2
6278,806139,2
6279,806139,2
6280,806140,2
6281,806140,2
6282,806141,2
6283,806141,2
6284,806142,2
6285,806142,2
6286,806143,2
6287,806143,2
6288,806144,2
6289,806144,2
6290,806145,2
6291,806145,2
6292,806146,2
6293,806146,2
6294,806147,2
6295,806147,2
6296,806148,2
6297,806148,2
6298,806149,2
6299,806149,2
6300,806150,2
6301,806150,2
6302,806151,2
6303,806151,2
6304,806152,2
6305,806152,2
6306,806153,2
6307,806153,2
6308,806154,2
6309,806154,2
6310,806155,2
6311,806155,2
6312,806156,2
6313,806156,2
6314,806157,2
6315,806157,2
6316,806158,2
6317,806158,2
6318,806159,2
6319,806159,2
6320,806160,2
6321,806160,2
6322,806161,2
6323,806161,2
6324,806162,2
6325,806162,2
6326,806163,2
6327,806163,2
6328,806164,2
6329,806164,2
6330,806165,2
6331,806165,2
6332,806166,2
6333,806166,2
6334,806167,2
6335,806167,2
6336,806168,2
6337,806168,2
6338,806169,2
6339,806169,2
6340,806170,2
6341,806170,2
6342,806171,2
6343,806171,2
6344,806172,2
6345,806172,2
6346,806173,2
6347,806173,2
6348,806174,2
6349,806174,2
6350,806175,2
6351,806175,2
6352,806176,2
6353,806176,2
6354,806177,2
6355,806177,2
6356,806178,2
6357,806178,2
6358,806179,2
6359,806179,2
6360,806180,2
6361,806180,2
6362,806181,2
6363,806181,2
6364,806182,2
6365,806182,2
6366,806183,2
6367,806183,2
6368,806184,2
6369,806184,2
6370,806185,2
6371,806185,2
6372,806186,2
6373,806186,2
6374,806187,2
6375,806187,2
6376,806188,2
6377,806188,2
6378,806189,2
6379,806189,2
6380,806190,2
6381,806190,2
6382,806191,2
6383,806191,2
6384,806192,2
6385,806192,2
6386,806193,2
6387,806193,2
6388,806194,2
6389,806194,2
6390,806195,2
6391,806195,2
6392,806196,2
6393,806196,2
6394,806197,2
6395,806197,2
6396,806198,2
6397,806198,2
6398,806199,2
6399,806199,2
6400,806200,2
6401,806200,2
6402,806201,2
6403,806201,2
6404,806202,2
6405,806202,2
6406,806203,2
6407,806203,2
6408,806204,2
6409,806204,2
6410,806205,2
6411,806205,2
6412,806206,2
6413,806206,2
6414,806207,2
6415,806207,2
6416,806208,2
6417,806208,2
6418,806209,2
6419,806209,2
6420,806210,2
6421,806210,2
6422,806211,2
6423,806211,2
6424,806212,2
6425,806212,2
6426,806213,2
6427,806213,2
6428,806214,2
6429,806214,2
6430,806215,2
6431,806215,2
6432,806216,2
6433,806216,2
6434,806217,2
6435,806217,2
6436,806218,2
6437,806218,2
6438,806219,2
6439,806219,2
6440,806220,2
6441,806220,2
6442,806221,2
6443,806221,2
6444,806222,2
6445,806222,2
6446,806223,2
6447,806223,2
6448,806224,2
6449,806224,2
6450,806225,2
6451,806225,2
6452,806226,2
6453,806226,2
6454,806227,2
6455,806227,2
6456,806228,2
6457,806228,2
6458,806229,2
6459,806229,2
6460,806230,2
6461,806230,2
6462,806231,2
6463,806231,2
6464,806232,2
6465,806232,2
6466,806233,2
6467,806233,2
6468,806234,2
6469,806234,2
6470,806235,2
6471,806235,2
6472,806236,2
6473,806236,2
6474,806237,2
6475,806237,2
6476,806238,2
6477,806238,2
6478,806239,2
6479,806239,2
6480,806240,2
6481,806240,2
6482,806241,2
6483,806241,2
6484,806242,2
6485,806242,2
6486,806243,2
6487,806243,2
6488,806244,2
6489,806244,2
6490,806245,2
6491,806245,2
6492,806246,2
6493,806246,2
6494,806247,2
6495,806247,2
6496,806248,2
6497,806248,2
6498,806249,2
6499,806249,2
6500,806250,2
6501,806250,2
6502,806251,2
6503,806251,2
6504,806252,2
6505,806252,2
6506,806253,2
6507,806253,2
6508,806254,2
6509,806254,2
6510,806255,2
6511,806255,2
6512,806256,2
6513,806256,2
6514,806257,2
6515,806257,2
6516,806258,2
6517,806258,2
6518,806259,2
6519,806259,2
6520,806260,2
6521,806260,2
6522,806261,2
6523,806261,2
6524,806262,2
6525,806262,2
6526,806263,2
6527,806263,2
6528,806264,2
6529,806264,2
6530,806265,2
6531,806265,2
6532,806266,2
6533,806266,2
6534,806267,2
6535,806267,2
6536,806268,2
6537,806268,2
6538,806269,2
6539,806269,2
6540,806270,2
6541,806270,2
6542,806271,2
6543,806271,2
6544,806272,2
6545,806272,2
6546,806273,2
6547,806273,2
6548,806274,2
6549,806274,2
6550,806275,2
6551,806275,2
6552,806276,2
6553,806276,2
6554,806277,2
6555,806277,2
6556,806278,2
6557,806278,2
6558,806279,2
6559,806279,2
6560,806280,2
6561,806280,2
6562,806281,2
6563,806281,2
6564,806282,2
6565,806282,2
6566,806283,2
6567,806283,2
6568,806284,2
6569,806284,2
6570,806285,2
6571,806285,2
6572,806286,2
6573,806286,2
6574,806287,2
6575,806287,2
6576,806288,2
6577,806288,2
6578,806289,2
6579,806289,2
6580,806290,2
6581,806290,2
6582,806291,2
6583,806291,2
6584,806292,2
6585,806292,2
6586,806293,2
6587,806293,2
6588,806294,2
6589,806294,2
6590,806295,2
6591,806295,2
6592,806296,2
6593,806296,2
6594,806297,2
6595,806297,2
6596,806298,2
6597,806298,2
6598,806299,2
6599,806299,2
6600,806300,2
6601,806300,2
6602,806301,2
6603,806301,2
6604,806302,2
6605,806302,2
6606,806303,2
6607,806303,2
6608,806304,2
6609,806304,2
6610,806305,2
6611,806305,2
6612,806306,2
6613,806306,2
6614,806307,2
6615,806307,2
6616,806308,2
6617,806308,2
6618,806309,2
6619,806309,2
6620,806310,2
6621,806310,2
6622,806311,2
6623,806311,2
6624,806312,2
6625,806312,2
6626,806313,2
6627,806313,2
6628,806314,2
6629,806314,2
6630,806315,2
6631,806315,2
6632,806316,2
6633,806316,2
6634,806317,2
6635,806317,2
6636,806318,2
6637,806318,2
6638,806319,2
6639,806319,2
6640,806320,2
6641,806320,2
